datetime,ROC5,MIN5,MA10,MA60,BETA5,MA5,RANK10,QTLD60,MIN10,MA30,QTLD10,RANK5,ROC30,LOW0,QTLD30,QTLD5,QTLU10,MA20,SUMN5,SUMD5,SUMP5,MIN30,MIN60,MIN20,RSV5,QTLD20,QTLU20,QTLU30,QTLU5,RANK20
2017-01-03,0.04654156853104706,0.0855517707893899,0.05401517528885089,0.0,-0.047679217518391416,0.030414118639238243,-0.03898512837480327,0.004191556380531595,0.09525865646099735,0.0,0.06945557507178822,-0.03498009615524944,0.0,0.08104493938505508,0.025603544803614132,0.05257388108439858,0.008098299357250264,0.005241506150254162,0.025714110960719287,-0.025715224788221455,-0.02572853081078226,0.06693073645109371,0.04367996290090103,0.08088526223540776,-0.015539563355406119,0.034647990423242646,0.0,0.0,0.0,-0.0015235840833661806
2017-01-04,0.04825106581193484,0.08638257981954264,0.05534505045827807,0.0,-0.05344885273714659,0.035026326613062236,-0.03849092601339022,0.0,0.0977758024325618,0.0,0.0730728925617488,-0.037846603504782146,0.0,0.08605670149940543,0.019844692543780917,0.05860805379493764,0.00509147890849,0.0,0.02489373668817612,-0.024894946641219794,-0.024906075025996333,0.06644293874558771,0.03858520612514259,0.07898588421702671,-0.019081656279955922,0.02696852957783355,0.0,0.0,0.0,-0.0
2017-01-05,0.04991629300463728,0.08393402543792115,0.05479980575169986,0.0,-0.05463307220856438,0.036751479457281674,-0.03969784010503552,0.0,0.09910148786187307,0.0,0.07299614818820663,-0.042175440289206174,0.0,0.09066650160071313,0.013402733220672246,0.05760129381617946,0.00558519069431196,0.0,0.027405256535531025,-0.02740643149263172,-0.027416517392399375,0.06191884604169385,0.031237605307642788,0.07596454193286575,-0.01999192217669095,0.024064491387613088,0.0,0.0,0.0033330760966289157,-0.0
2017-01-06,0.05314651993433854,0.08545734812289975,0.05741029899874494,0.0,-0.05391234026895267,0.03495473880948408,-0.04368904208582301,0.0,0.10427459334286483,0.0,0.07456527961280042,-0.043358011461548766,0.0,0.08503780610949926,0.0,0.056685926968166794,0.009350455050185773,0.0,0.03614195638864601,-0.036143192377319555,-0.036155461975180124,0.05649863091903992,0.02105115023733562,0.07533276869028216,-0.021899992451415145,0.014934486195472618,0.0,0.0,0.0,-0.0
2017-01-09,0.050718543905296974,0.09093141560261184,0.052265012058470624,0.0,-0.0571737984644773,0.03909244058411129,-0.04376195138678746,0.0,0.10027433230930966,0.0,0.07179204609888652,-0.05211327481581574,0.0,0.08811974386883152,0.0,0.061765687478333456,0.0052458028814507856,0.0,0.03615365768718436,-0.03615497726077028,-0.036168558964705125,0.05179984288796616,0.015064697222380853,0.07272500462225984,-0.028045388057070332,0.010633823843279882,0.0,0.0,0.0,-0.0
2017-01-10,0.055359231987854425,0.08422249279143615,0.05194238770733725,0.0,-0.051992248860077785,0.03150427059736116,-0.03756727141417912,0.0,0.10096805948980504,0.0,0.07155593692999467,-0.040024597419972704,0.0,0.08668330491230339,0.00943828499249583,0.05043570428205452,0.004136631688866094,0.0,0.036621252271036235,-0.036622330687033036,-0.03663103754493632,0.06242122286132204,0.026484588148406898,0.07950926662346909,-0.024201297060201236,0.021678581729856913,0.0,0.0,0.0,-0.0
2017-01-11,0.059693044237735485,0.07982500214076108,0.05180070208126903,0.0,-0.05702387233600428,0.04327621327842896,-0.03764813335587876,0.0,0.08668062403749077,0.0,0.06482073613612828,-0.04221269313392902,0.0,0.07577761631105222,0.009788712422646435,0.05835128402747979,0.016971450547750507,0.0,0.03595625742162915,-0.035954851811479636,-0.03596212250041586,0.05348016875322738,0.019992052366594022,0.06881526361780282,-0.03199735548642295,0.02022484041812627,0.0,0.0,0.013747003577747276,-0.0
2017-01-12,0.062199024523438486,0.09552606130865673,0.047579496321606525,0.0,-0.05868115499433567,0.04154018065178764,-0.035030012274647325,0.0,0.09406657620174091,0.0,0.06435895014567009,-0.04485838768420571,0.0,0.09612999619115639,0.0,0.06510580760688235,0.00843775082754766,0.0,0.03468849916708791,-0.034686682744998844,-0.03469533597572138,0.054601316280937034,0.011851803243911515,0.07208599876422661,-0.03445619006014859,0.005551192885075278,0.0,0.0,0.0038695821462173484,-0.0
2017-01-13,0.062457549464734585,0.10292567534851098,0.039669826313738436,0.0,-0.06321459980173347,0.04402574721024688,-0.03618242957162187,0.0,0.08672797997520694,0.0,0.05983924074486443,-0.05129266572720913,0.0,0.09836135001712587,0.0,0.07127375803280019,0.005735824993694598,0.0,0.040037256162244704,-0.04003533783894241,-0.04004447215589866,0.04894655618655309,0.002237679585467653,0.066193576921108,-0.0387862499264738,0.0,0.0,-0.0,0.0020122240218243947,-0.0
2017-01-16,0.05854098669932408,0.0906907547592363,0.044814936290472875,0.0,-0.06494336643891402,0.051365252849851994,-0.04182038635477756,0.0,0.06924699108163257,0.0,0.05600600499561529,-0.054351153563312056,0.0,0.08282772430500016,0.0,0.07181667111840505,0.022042673448128783,0.0,0.041189255683086304,-0.04118789606233108,-0.04119499383595281,0.038421332590034975,0.0036024233438549996,0.054712300815392856,-0.04755446881254467,0.004935004252036985,0.0,0.0,0.018735422700094522,-0.0
2017-01-17,0.046525448052180444,0.1586505131763547,0.015995105018515515,-0.0,-0.05740998446115918,0.027657588598638948,-0.0247521705449171,-0.0,0.11601867106035572,-0.0,0.0423437546895622,-0.048687689721420374,-0.0,0.1577272998787191,0.0,0.06525164758169454,0.0,0.0,0.02500800999374157,-0.02500553711088589,-0.025018463047571438,0.04408752102754747,0.0,0.07465740297881256,-0.04520319305792318,0.0,0.0,-0.0,0.0,-0.0
2017-01-18,0.03913473144495132,0.17011885643175179,0.0024551222757287737,-0.0,-0.05371271147155492,0.02110067705248893,-0.02635198053278419,0.0,0.11964575578595443,-0.0,0.03525592733456514,-0.05700295683579638,-0.0,0.17667814636332071,0.0,0.06533080498315734,0.0,0.0,0.018485579025700714,-0.018490089025642586,-0.01850530107002834,0.05235509698263285,0.0,0.08177088473958734,-0.043605378644354306,0.0,0.0,-0.0,0.0,-0.0
2017-01-19,0.05369884868353461,0.11301244855627134,0.025754095815786446,-0.0,-0.06355838779510432,0.03237271353961261,-0.041829702046146576,0.0,0.08689245529017757,0.0,0.048356501150370615,-0.057922741307724034,0.0,0.1463781101816108,0.0,0.061135706887235686,0.0,0.0,0.034774682502953486,-0.0347782212623328,-0.03479002039601339,0.04530391725389798,0.0,0.07087375887320518,-0.04856768845802253,0.0,0.0,-0.0,0.0,-0.0
2017-01-20,0.06490242659884515,0.08246902689736983,0.037794825816247365,-0.0,-0.06707862073211715,0.04269624393301841,-0.05098897146121595,0.0,0.05824371598015519,0.0,0.05190060630916866,-0.058583642896984686,0.0,0.10444276658078577,0.0,0.06318854806768556,0.015367811312597714,0.0,0.054884087327911835,-0.05488751775716623,-0.05489461438673626,0.028397968377403448,0.0,0.0487079461997522,-0.051215698431127006,0.0,0.0,-0.0,0.009354960933711753,-0.0
2017-01-23,0.049328971443373434,0.09759525680372129,0.026396275893801634,-0.0,-0.06926688442185754,0.0500422607792766,-0.03873442934133546,0.0,0.07691066073924334,0.0,0.053038744265607715,-0.06201940009659406,-0.0,0.12138469572970675,0.0,0.07323973852571602,0.0,0.0,0.041969671907211764,-0.041972978598694796,-0.04197835989492732,0.03726650909444969,0.0,0.05693488016312385,-0.04905624013890376,0.0,0.0,-0.0,0.01286404216245511,-0.0
2017-01-24,0.041674633469016995,0.10484439120869171,0.020616131517022525,-0.0,-0.06580258321648846,0.04237433586990146,-0.037116590504092,0.0,0.08375907867712618,0.0,0.04909091285406841,-0.06110006947145383,-0.0,0.1377607854850394,0.0,0.06844418176110317,0.0,0.0,0.03339313709639105,-0.03301231048552505,-0.032947214119868624,0.052997224771737274,0.006714132545716796,0.07627382006467079,-0.047997753834038454,0.0,0.0,-0.0,0.004080713048047863,-0.0
2017-01-25,0.05153608854962309,0.08181218361638366,0.0377779961140963,0.0,-0.06103234867569035,0.049575944090779714,-0.04558889894076747,0.0,0.061488032339634444,0.0,0.04744545233316695,-0.06344613428714714,0.0,0.10659698713384907,0.0,0.059972479780418024,0.01977833824370598,0.0,0.04172409411206708,-0.04145937132016043,-0.04141442501422311,0.04141791096410325,0.007939484669177908,0.05451930978666018,-0.05628964892251624,0.0,0.0,-0.0,0.029184871105829614,-0.0
2017-01-26,0.043461159377511986,0.0757849496168917,0.03703823676448646,0.0,-0.05228513234491997,0.046174091816524536,-0.04611243363247752,0.0,0.05855890109662339,0.0,0.04994367762738311,-0.05787676115103069,0.0,0.09346665382541483,0.008518556847368346,0.057621687270802247,0.020415997779443106,0.0,0.03984485753998146,-0.03962839154504868,-0.03959378086526862,0.05118896247875491,0.02340702633003195,0.06188244894046641,-0.04863392299751334,0.016238202747085116,0.0,0.0,0.02793769136383694,-0.004386476041134577
2017-02-03,0.041645931717664036,0.06766197677011124,0.04019931645201577,0.0,-0.05356230410208311,0.0485042122615859,-0.04935170909407703,0.0,0.05089303787580639,0.0,0.04801777975127104,-0.05886820679511754,0.0,0.08870536950518891,0.01270910891119871,0.05505942172546602,0.0264481683257286,0.0006485948572420258,0.03871557926897845,-0.03850966181266317,-0.03847673914227787,0.047674687766389265,0.023034776984808002,0.05628085357773782,-0.048761724226381,0.019963438521362214,0.0,0.0,0.034199654013288575,-0.01210774654155721
2017-02-06,0.0408128280248277,0.06546464242388393,0.041004209070274696,0.0,-0.052162740663869195,0.0489391423331317,-0.05181925016239383,0.0,0.052471747768809,0.0,0.0484858171090371,-0.06011430928271611,0.0,0.09049666267416447,0.01095561718153287,0.05618338135691174,0.02796581991290967,0.0,0.03790134616849416,-0.03770469427535374,-0.03767325352396236,0.04472201767021521,0.02105747347763203,0.05554677438783253,-0.047391131112439026,0.01983224163444627,0.0,0.0,0.036665367100259305,-0.014629532684903364
2017-02-07,0.04085002592748567,0.06423997802852374,0.038920515668415874,0.0,-0.0488449972295812,0.045345272538951965,-0.051606432474307386,0.0,0.04918384943112523,0.0,0.04634424572208034,-0.05870658723737273,0.0,0.08699776568866266,0.01682766017285211,0.05278704335460971,0.026428737155639762,0.0008786038422415321,0.039620780459383935,-0.03941606975348665,-0.03938334081665268,0.04975636190508433,0.02515578396446379,0.05827912516128059,-0.04401441327728324,0.02352340775567867,0.0,0.0,0.034265270938082286,-0.01862373149675396
2017-02-08,0.040278869033709676,0.060534997332489675,0.04154497204331895,0.0,-0.045446812338248335,0.043262498245678904,-0.048946138510110926,0.0,0.04698387225974353,0.0,0.04630226103580802,-0.053529954620395545,0.0,0.0821408686230018,0.023141756875874053,0.05008330535235822,0.029447550766973897,0.013077944112521398,0.0371899137316766,-0.03701867639277982,-0.03698920576850014,0.046254559408272625,0.02610885434192921,0.05466410086182093,-0.04273169452119428,0.029368418369129734,0.007887953882095693,0.0,0.03280583949978315,-0.024258982072584905
2017-02-09,0.04465961284722696,0.056994191324275856,0.04214905483374581,0.0,-0.05119703444798117,0.04529949367599183,-0.04730872495436042,0.0,0.04572058122262761,0.0,0.04644607234637476,-0.050587472934880175,0.0,0.06338764674976508,0.023710248263488342,0.04969539413308641,0.03177409397638217,0.014987045832315802,0.04220498192327309,-0.042067487259265644,-0.04204442450422716,0.04366643797460793,0.02295960196139502,0.05095796823120979,-0.042394029421151266,0.030145818573197154,0.009911287101257124,0.0,0.03475599074394365,-0.024975304763969638
2017-02-10,0.05098858246954643,0.05602187934732118,0.04075657612928048,0.0,-0.04744876472880576,0.039886253405970185,-0.04607307888564765,0.0,0.04501046094892828,0.0,0.04509938648010846,-0.04559660266083549,0.0,0.06484141225087482,0.025728159066576772,0.04354824092653021,0.03000665917232376,0.015571607116434804,0.04893749524131678,-0.048804398466583444,-0.04878206419462604,0.045427495276944854,0.02373755189042536,0.05167094874865524,-0.0395635669431494,0.03087887717053363,0.010102479457346707,0.0,0.03099059036782325,-0.024526868653410833
2017-02-13,0.05054227296537377,0.059523130686976435,0.03867441013329528,0.0,-0.045707381686612744,0.04108300576443717,-0.04933984110671891,0.0,0.044596640350641994,0.0,0.04362966439063435,-0.05099647797670601,0.0,0.07175468332585985,0.02411974704992478,0.04359692874462232,0.03002353148092944,0.008754075019084448,0.04927214875176144,-0.04912745267135785,-0.049103334255630314,0.04607762573419009,0.02106276099018186,0.05157664443858396,-0.045060383062075805,0.02687375316082985,0.00345781036491732,0.0,0.03416424990941091,-0.021882045979243096
2017-02-14,0.05306018213283717,0.06622246693112228,0.03900196433361831,0.0,-0.04904243450335009,0.040550483324525766,-0.04682518040487826,0.0,0.049837534445471905,0.0,0.04603041253400943,-0.04873387736265712,0.0,0.0783448459001532,0.020911346474635967,0.04467063291717429,0.025970097267230298,0.003989328932649524,0.04692757885228986,-0.046756573462940834,-0.046727556950911936,0.053704528235224855,0.02446243253113549,0.06181967365229521,-0.0380726847770024,0.028433043969314776,0.0,0.0,0.02612303179967773,-0.013782108304893083
2017-02-15,0.052024649811888715,0.06803230582923664,0.03422456703698628,0.0,-0.04778320769795744,0.0411524750109679,-0.05395840085080629,0.0,0.04631271715427651,0.0,0.04267575004539626,-0.057486448003484805,0.0,0.09655596504676636,0.008973821921724105,0.04460320013883949,0.022475174241433433,0.0,0.04770192149649592,-0.04747313464054552,-0.047432729646094754,0.05776591219836124,0.018426944483918392,0.06815442740762058,-0.04022722596356606,0.019590503468598277,0.0,0.0,0.029354530380392773,-0.007613987524642165
2017-02-16,0.05459098148358782,0.06238533566869108,0.0410003032949859,0.0,-0.049581708724830136,0.0395695128259877,-0.048987177049288864,0.0,0.04785868841131315,0.0,0.04716029477388705,-0.046247895797940856,0.0,0.07028199339880672,0.02172841947465362,0.045294504595425125,0.027800150730751802,0.006989740708594,0.04812846831271298,-0.04796775154288473,-0.047938239258127895,0.05543007480301161,0.027445689984987233,0.060407058998542956,-0.03271143652734528,0.02816393783335167,0.0,0.0,0.0231191405475501,-0.01921149525274193
2017-02-17,0.051463655803914383,0.06956720158820669,0.033180312693042356,-0.0,-0.05409210336948241,0.045151198799156966,-0.05997123510674629,0.0,0.04300560808299232,0.0,0.04090712129791393,-0.06266458419943607,-0.0,0.09319139463146651,0.0,0.050181352276430335,0.029728437015082508,0.0,0.050408057906235565,-0.05015234146480407,-0.05010539748815867,0.05581078176088317,0.013472138401679613,0.0655521177795581,-0.035556147232982956,0.009302087377922515,0.0,-0.0,0.03050320949082156,-0.006033516233083011
2017-02-20,0.049951269999803344,0.05993860959691163,0.03923865846953344,0.0,-0.04801342351893895,0.03994579897425974,-0.06120497452088834,0.0,0.04368053274017513,0.0,0.045760223503834144,-0.056460907480812186,0.0,0.08249036969430436,0.01100628544502029,0.04368846535590154,0.0338398585179901,0.0,0.05218750385165186,-0.05199772073179646,-0.05196331270083887,0.04907645162711243,0.017136931269850872,0.05387580931345,-0.036583538886197114,0.01946569303392429,0.0,0.0,0.03138466991616943,-0.021108990850635553
2017-02-21,0.05033348695009768,0.05676604672266955,0.03993864341643594,0.0,-0.04382285440178714,0.030723025357267092,-0.06575736445533374,0.0,0.051942659279262705,0.0,0.05209087487437767,-0.05578669622274683,0.0,0.08670722260878008,0.013889280337446594,0.0365235528039388,0.028334903467048266,0.0,0.05319898541306005,-0.0529830158204631,-0.052943857643168786,0.05314671260707827,0.015898133484638505,0.06121046903101838,-0.027923944912608415,0.02384263433418129,0.0,0.0,0.02215114675357349,-0.024084489103017595
2017-02-22,0.05827116534721697,0.05266295464593921,0.04008058852752379,0.0,-0.051988142250856254,0.03617652309790851,-0.0654184054507995,0.0,0.047823261919602476,0.0,0.04694022398934224,-0.0526147585049121,0.0,0.07454507639553247,0.009085373212861887,0.03752675198864869,0.03605554879448721,0.0,0.061029383032248676,-0.06082403023596421,-0.06078690155295368,0.04525018589611665,0.012597945800515462,0.05401569735995835,-0.028908138405008922,0.019785279484693104,0.0,0.0,0.024945758431481297,-0.02266790567542829
2017-02-23,0.05481386985140676,0.04851840058154169,0.04214698558312596,0.0,-0.048284625491602035,0.03612399259479937,-0.05830924951418419,0.0,0.04711272645230235,0.0,0.04666150895829091,-0.043368461897641146,0.0,0.06238171094221338,0.022046040905337804,0.03752576586331503,0.036880779612133985,0.008812647244783724,0.05691769063905921,-0.05675673723595398,-0.05672708084341565,0.047548573287227315,0.02242436527223403,0.054523111784907645,-0.027414427810158203,0.028512942736159768,0.005379759057528659,0.0,0.024158539591205782,-0.026650006249471385
2017-02-24,0.05298842384455406,0.0463257179928017,0.043676068066203354,0.0,-0.046559620952586735,0.03327902956159603,-0.055444498346775416,0.0,0.0480501507486434,0.0017174558838099442,0.047052952438325454,-0.03829510615189416,0.0,0.055655473883966605,0.02653404772471615,0.03460441945593963,0.0369900159920128,0.0183701828706766,0.05448910807243558,-0.054352999504868826,-0.05432791909280845,0.04658137456803787,0.024649869499012923,0.054054872590990885,-0.02403748763540471,0.03368606418811126,0.014120490400333063,0.0,0.022352305953673525,-0.0318043445798207
2017-02-27,0.05105935164646663,0.04510349057522924,0.04468238968908179,0.0,-0.04959099424768983,0.034945739978390795,-0.05593090173195191,1.4192292571111375e-05,0.04863642327498979,0.0032945005689831936,0.04739156434982546,-0.03872220890879141,0.0,0.047158425028563974,0.025270225680696826,0.0367883876021288,0.03903138658126251,0.019869011180256912,0.05451333972200368,-0.05438412305734842,-0.05436092227559136,0.042609692328428664,0.02182356552996562,0.051349991890909066,-0.02552014607842928,0.03367969692356995,0.016901980126202355,0.0,0.023990016019385416,-0.03337733271128591
2017-02-28,0.05095881576599779,0.04057101089665473,0.04680904964960182,0.0,-0.04898120240678486,0.03843271776846006,-0.05775140805763013,0.0,0.04437295668532016,0.0048982080439204,0.047006078363750134,-0.04130673383810905,0.0,0.041162044412091724,0.02208310723661833,0.037272565697138965,0.04325103577604029,0.02228363864862437,0.05380793747943874,-0.05369260951777606,-0.05367189776046333,0.03545372533097917,0.016208866332110203,0.04563556360206058,-0.029756200395816713,0.033065850472863846,0.022022613361489786,0.002832375467970512,0.029928046293552772,-0.036783740738735346
2017-03-01,0.052264081868350194,0.04266859145629915,0.04778510238220611,0.0,-0.05222027904625255,0.04043934858710767,-0.060373168810751256,0.0,0.04486983314611543,0.0,0.04770978082590012,-0.04382951310427901,0.0,0.042028378733250514,0.017186392567614978,0.03884108812826741,0.044351287192302385,0.018067476851044123,0.05674846354834263,-0.05662313175542321,-0.05660053804007244,0.03274562979069061,0.012844765657401206,0.04346779326586599,-0.03170335183116898,0.028985277026649214,0.019706034441445874,0.0,0.031736006320554316,-0.03620468562264456
2017-03-02,0.049777440149415715,0.043400752320188,0.04551868092303461,0.0,-0.05157777024867592,0.03927892463892823,-0.05768402688784133,0.0,0.04468362118878748,0.0020201833355843707,0.04537117149491455,-0.043353138073454076,0.0,0.043836166226353404,0.022410291769998026,0.03737109254640808,0.042593092831180505,0.019037520686275514,0.05379005365537806,-0.05366674366475606,-0.053644517144819236,0.037832831762651384,0.018430331759229732,0.0484016447519092,-0.029410930694840007,0.031824219317844404,0.01842931493148311,0.0,0.03110316798745717,-0.03555237100859171
2017-03-03,0.050496591355793014,0.04239653275383717,0.04914367093884172,0.0,-0.05850963336157871,0.04321713696198064,-0.060922239741179836,0.0,0.04273919479921437,0.0,0.0471304589710064,-0.0459754303122156,0.0,0.043143956586144123,0.016790551611586553,0.038620704307036506,0.04789514738427528,0.01720505393046115,0.05263580031905751,-0.05250095074939515,-0.05247664882625091,0.030375488297923834,0.011340141435119548,0.0439743045109581,-0.0308739299908536,0.029376107310244117,0.01957416090161391,0.0,0.036095311034030346,-0.03659085360940176
2017-03-06,0.0532565704575693,0.044612333682314674,0.04770881199563576,0.0,-0.06347249002216196,0.042931395659726444,-0.06572120192955234,0.0,0.04232163169438912,0.0,0.04568869714365717,-0.048724321714143155,0.0,0.04662431085841999,0.008128432038638634,0.03842246607381217,0.04946297431852836,0.009849931577230228,0.060188046315337876,-0.06003387525817511,-0.06000609131947795,0.024794521158975562,0.0033491739831662355,0.041361298893025734,-0.03337419245771307,0.023163263852356755,0.014401937186952768,0.0,0.03589467337952567,-0.03650735702951404
2017-03-07,0.05176945809647877,0.04291273212185157,0.04831120202149875,0.0,-0.06151670621496354,0.04256251773489406,-0.06604461217779922,0.0,0.041772255034610434,0.0,0.04634647058559291,-0.048144001301517705,0.0,0.04722119614663048,0.009289418370967382,0.03775884295376546,0.04992854860617768,0.01261732531404443,0.058045978336436335,-0.057896705125353776,-0.05786998451149419,0.025715657792239784,0.004353729909050486,0.04006252927246313,-0.03203797184316573,0.02517856216086788,0.017287812932709035,0.0,0.03646657929770788,-0.038889202137719237
2017-03-08,0.04842178462289361,0.04573198343969463,0.044543004877089745,0.0,-0.05996736901488293,0.038654841405760414,-0.06701539213929368,0.0,0.04341411040153186,0.0,0.045484456946412344,-0.04773311504198872,0.0,0.052683206228560826,0.013161604645653718,0.03715116946287986,0.044533246474747865,0.008883851196729114,0.0573723192923949,-0.05720902406656031,-0.0571797629886901,0.033897933661451274,0.013879890100594464,0.048356250665538766,-0.02843701327962856,0.025220738325502704,0.01193464516899874,0.0,0.030266599936400046,-0.038866686616120825
2017-03-09,0.04998526465808965,0.0454491454315447,0.04663563816744952,0.0,-0.06515535112475616,0.04691428743158984,-0.06704538369981033,0.0,0.04089749771917825,0.0,0.04651068960296496,-0.05319414462478491,0.0,0.04988403410450441,0.009166040969649231,0.04188611969417926,0.047804137796878546,0.005136189310037701,0.0550425489403082,-0.054877992929473915,-0.0548478677175074,0.027537989596245968,0.009020650838652142,0.04217916060775038,-0.033609918575813684,0.02047184555952733,0.010269765731362401,0.0,0.04147861271598406,-0.03499972245195718
2017-03-10,0.049010542446713184,0.04571497985451907,0.04178636424714399,0.0,-0.0629396188628223,0.04513639805003484,-0.0637541765741091,0.0,0.03995462699812167,0.0,0.04239379577681407,-0.051758446017742904,0.0,0.05397151587007218,0.014097125125762654,0.041195524923925086,0.04559799431913702,0.006008593869793699,0.055371880265177136,-0.05519842656802359,-0.05516775271924903,0.03131854039360576,0.009605351175980877,0.04854607175479014,-0.030436570169893668,0.02455462683513464,0.008843581938157454,0.0,0.04039490275163741,-0.037242592491638464
2017-03-13,0.05011780883140235,0.03994142757400928,0.044260434201774855,0.0,-0.053499214332421295,0.0400510719449472,-0.058106159467274314,0.0,0.036344660785867185,0.0,0.04063454950877804,-0.04531199962819732,0.0,0.04986609484133353,0.022451980006085965,0.03668731541195441,0.0484258800263241,0.018652352419742228,0.053563410167034246,-0.053412963377661736,-0.05338624517034222,0.034520645373680714,0.012198354378337013,0.04901686561035224,-0.028652859903725507,0.03169557951695283,0.021526263386904134,0.0,0.0352499646100866,-0.04242589952481103
2017-03-14,0.046919896634954106,0.04279984950195661,0.04200215752437093,0.0,-0.05205582301588289,0.03829577849234206,-0.05710573841278837,0.0,0.039405570157532765,0.0022086511706622468,0.04112688870775654,-0.04431384674060395,0.0,0.05042613243456686,0.025583593633970204,0.037235463695937575,0.044773560772381295,0.01965147539729323,0.05117785034717135,-0.051027672170948626,-0.05100100456556102,0.03943233515474985,0.018925429279561604,0.052857537313544437,-0.024293468941614455,0.03337732141424853,0.021029913935366615,0.0,0.030002198409039997,-0.04297084217519376
2017-03-15,0.04585669548634997,0.038215993005309576,0.04402272225552891,0.0,-0.048895071548567655,0.04005757173344346,-0.053215983157595424,0.0,0.035484603634463735,0.01146895475540633,0.041766117827220096,-0.042339181586262827,0.0,0.044361455289039314,0.02729325068386437,0.03830509796021304,0.047272042040393376,0.02608090738031738,0.04720227361948423,-0.04708939394199462,-0.04706936299901947,0.03550054656301597,0.017237146852477157,0.045796043123282934,-0.02722683760119986,0.0346911541446919,0.028135545337942842,0.008897746136618746,0.034095778263623665,-0.04242252307267293
2017-03-16,0.04479901729304544,0.04674167107881961,0.04177484515812891,0.0,-0.047455484673015115,0.03885707219918507,-0.05674554031472157,0.0,0.04177029763509084,0.005742920079798668,0.040603622924385185,-0.04584106152864979,0.0,0.05451961698833809,0.025081890628552143,0.04293048054547227,0.044469826353054076,0.02006397512562699,0.04805868694817926,-0.04793219652545614,-0.04791022379300007,0.03799776177860052,0.01705284836999665,0.04913822081772289,-0.026751335330600288,0.03118157172551565,0.022012781187528436,0.0015428770805216367,0.03107277388794063,-0.04195140002905405
2017-03-17,0.047644795135646116,0.04943124176560056,0.0415129942851985,0.0,-0.04846396725468328,0.03789965146986045,-0.062383074793486634,0.0,0.041181603566987246,0.0,0.04045487957001513,-0.04723288121355083,0.0,0.0644833695230596,0.01922687728086951,0.04481014930664892,0.046305723485967155,0.013244391041764801,0.053714529831402597,-0.0535455428891571,-0.053516147439036196,0.03668677883470658,0.010278102403827708,0.05151136705759581,-0.022603657292778405,0.02727578446987938,0.01643769438549667,0.0,0.028226586333197076,-0.041928209369583753
2017-03-20,0.05278877458585414,0.04562154923628284,0.04631687395110589,0.0,-0.0622144754999992,0.04355961387509725,-0.058327938579240624,0.0,0.0321460935749949,0.0,0.03542281576419376,-0.048679149775096006,0.0,0.06323052568562487,0.0169713122157705,0.04533792410908711,0.05486068609640199,0.016622670262586924,0.053102776290438684,-0.05293111983936028,-0.05290126438291295,0.029320045436481,0.0034382723250312,0.04388317450750281,-0.022571884104417596,0.028591119089100895,0.02129260770346013,0.0,0.03385526047750095,-0.03601207263245764
2017-03-21,0.05330948126575784,0.05651348668990025,0.04139899358128826,-0.0,-0.07849215451126784,0.052836969834867555,-0.06737713241008397,0.0,0.02982540730895208,0.0,0.038330970430639065,-0.06192016376452,-0.0,0.08503589668735355,0.0,0.05534772443952067,0.0499656511328554,0.0,0.05374590556250131,-0.053497788695342455,-0.05345466461402737,0.0222393041355231,0.0,0.042248017170772346,-0.018532292376318014,0.017121148192798568,0.0,0.0,0.040891094191230284,-0.02791575300448008
2017-03-22,0.05182143505581097,0.05565283241813393,0.04147628700632176,-0.0,-0.07282902295208052,0.053213816994051595,-0.06532413406145399,0.0,0.031607149932632035,0.0,0.03874268329777999,-0.062106339349332525,0.0,0.07788788124427411,0.0026582762592182764,0.05556854766782065,0.04934397764675312,0.0,0.05220842683240432,-0.05199385590183439,-0.05195585426033024,0.025985847995995313,0.0,0.04175310568518963,-0.023575127767500516,0.018254675874057942,0.0009560249005361851,0.0,0.04548517657426587,-0.029599520322222062
2017-03-23,0.04790601016614866,0.05622111554904163,0.04319768690657343,0.0,-0.07030254831760285,0.05033794518842294,-0.06323531785667227,0.0,0.03448845578503569,0.0,0.03868739509794868,-0.056803159044773156,0.0,0.07908888315060432,0.007787748724104305,0.052528727438130016,0.05165177118234269,0.0031402408671178795,0.047303930867125414,-0.047097309030639724,-0.04706074378262117,0.029604388201812014,0.0026184669378502136,0.04525271750400785,-0.023383104034999935,0.019608124745806265,0.008904831214208889,0.0,0.04226920501192061,-0.03152017339448937
2017-03-24,0.04183687593348751,0.054190955283214576,0.04306647026037868,0.0,-0.06003477435696542,0.04589253171931757,-0.054879637572143675,0.0,0.037829421300501584,0.004155029049394124,0.03837074320706286,-0.047865620095447294,0.0,0.0731283758136148,0.019049960330947566,0.04758392841476148,0.048316420017973885,0.01983561402352492,0.04120168967022631,-0.0410441976234838,-0.04101576163664745,0.03372462180647861,0.012963412436389746,0.046146934915832105,-0.024902329579097254,0.025142601079321997,0.025183335934335967,0.002229126037535054,0.036789196355828044,-0.03362043554608756
2017-03-27,0.041344674463711754,0.051081664055048166,0.04144162766953349,0.0,-0.06008495872366755,0.048468949439385414,-0.053845824945095655,0.0,0.03576296294793568,0.00514942450664096,0.03882264924723067,-0.05015214269129283,0.0,0.06656173559024699,0.021955341300940578,0.04976204063776652,0.04652824965571098,0.01865226492938413,0.041497240841994625,-0.0413611431186456,-0.0413365161762727,0.0322079838674322,0.014084377877912417,0.042739984151859735,-0.02976595462856731,0.02725587608000094,0.022409283467992924,0.0027309332126694945,0.04031992724539189,-0.0346762685276688
2017-03-28,0.04179205028416464,0.05579386423127584,0.04046298183389095,0.0,-0.06705707450528813,0.053996741532216196,-0.05451175604848759,0.0,0.034036843345161195,0.0,0.03761450211334584,-0.05512925885008611,0.0,0.07761815525919799,0.016397597790832483,0.05565388855611048,0.047400032208682163,0.011816923190695397,0.04124352432378636,-0.04107400087621995,-0.04104350964588642,0.031109966470156583,0.0104448290919443,0.04227234264938617,-0.03176653043393467,0.021928145475651136,0.01647234068001163,0.0,0.044943746264725394,-0.02841939433886235
2017-03-29,0.040943910085613634,0.05737194590136673,0.03783816103712923,0.0,-0.07402299760851776,0.05991869937496963,-0.05665977544170472,0.0,0.02854422287183486,0.0,0.03317133396750324,-0.0603857404891559,0.0,0.08710396458733084,0.014836057903934068,0.05910237073391115,0.04926657176831437,0.00442298406497328,0.039922245903157565,-0.039719936549016316,-0.03968355775598155,0.030571143435041238,0.01135683153852876,0.040569216731954065,-0.03296862636111,0.015162889805099953,0.0113313258903911,0.0,0.05009137713911973,-0.025034113054340355
2017-03-30,0.03913049892444366,0.06115343584543251,0.03738798587298073,0.0,-0.07880491832352687,0.06857363191816622,-0.06018045272187798,0.0,0.024341577832086476,0.0,0.029750442143300707,-0.06951233518503588,0.0,0.09713238849735542,0.006458780196247378,0.06565277838705062,0.054766505167126785,0.0,0.03772740540354118,-0.03749487416181413,-0.037453059835224956,0.025062607717224322,0.002824475222800538,0.036168619934148244,-0.03576529181381189,0.007614865069046856,0.0072701306776175156,0.0,0.058540247682954405,-0.021232691467184543
2017-03-31,0.037384385899884,0.05417642641443007,0.04058394792515181,0.0,-0.07861260317704695,0.07589412797061619,-0.0587038152863338,0.0,0.02021028409879409,0.0,0.03117660730757681,-0.07171850912573731,0.0,0.09826258549018418,0.006485895958610944,0.0678930018154827,0.059326001628462556,0.0023539156186038928,0.0330540939821432,-0.032831050419948826,-0.03279093914729458,0.01770255444079995,0.0,0.028949551875543714,-0.039301595389764056,0.007931486624674385,0.015169022673895237,0.0,0.06990325276154921,-0.019584344967471495
2017-04-05,0.037918283062627574,0.05361404713604104,0.04164081816161036,0.0,-0.0797973378521365,0.08113777563281821,-0.06069040757304548,0.0,0.01447593991445931,0.0,0.03001216792971186,-0.07831932260198045,0.0,0.09962237129675522,0.0030230748910039244,0.07322834337900024,0.06185867026987446,0.0,0.03414339493618063,-0.03390409291459093,-0.03386130338151719,0.012581698020242876,0.0,0.02358609524516136,-0.0412288914447584,0.0019279939154365343,0.012922706775807655,0.0,0.07430971468853342,-0.01619554897670638
2017-04-06,0.030355604737301922,0.06831487783829812,0.03199426882061245,0.0,-0.08844029620203696,0.08782639659398216,-0.05741617115278771,0.0,0.016085097727688784,0.0,0.0222610944322178,-0.08119527650295458,0.0,0.13192092466039163,0.0,0.08063001943168763,0.057281787516535,0.0,0.025593969857670675,-0.025271733052948355,-0.025209573184480187,0.021820841359737504,0.0,0.03329427016710196,-0.031937804388581584,0.0,0.0,0.0,0.07728132875467303,-0.005868663618311799
2017-04-07,0.00780952321874176,0.08939622290012171,0.007438650624444517,-0.0,-0.09672016273902218,0.10083084112152017,-0.04519730912168526,0.0,0.004375890960904114,0.0,0.00041725306195527736,-0.0937929097986042,0.0,0.21249454008173996,0.0,0.09552732270261484,0.041761260280269885,0.0,0.0049645397904641096,-0.004467407626405087,-0.00437153951095103,0.027108977781155175,0.0,0.042377982724181695,-0.028728285228740658,0.0,0.0,0.0,0.09221938072647831,-0.0
2017-04-10,0.0,0.08039240365587999,0.0,0.0,-0.08006291366606877,0.09503070166830467,-0.03377353805616557,0.0,0.0,0.0,0.0,-0.10075072575420771,0.0,0.27166350601530737,0.0,0.08155643768683561,0.03182626991784952,0.0,0.0,-0.0,-0.0,0.032604911697286264,0.0,0.04901726601729634,-0.0363374809838789,0.0,0.0,0.0,0.10698384488091936,-0.0
2017-04-11,0.016071749678852807,0.07720253159516148,0.014882229148585767,0.0,-0.07588096057918828,0.08385441444009212,-0.04074006865205531,0.0,0.005488331358141515,0.0,0.011851889740010182,-0.08301217233995932,0.0,0.18717693921312353,0.013085015525582803,0.07877939850589874,0.032599260802215826,0.0,0.007929318130103672,-0.007543559428200927,-0.007475899106950188,0.044133068826873734,0.03029408438078657,0.05383957964599453,-0.03956939525919191,0.0,0.0,0.0,0.08443106328085656,-0.004159070362174319
2017-04-12,0.01886576027574629,0.06845297495730683,0.01740237748921897,0.0,-0.07416699222332826,0.08800497336452938,-0.049342001712888245,0.0,0.0,0.0,0.012086977516754062,-0.08808529640942626,0.0,0.1936129940640646,0.0,0.08136510034333105,0.042080036706849656,0.0,0.018417244425552055,-0.018016763700689862,-0.017948729819291395,0.022910620065177755,0.0031966858782780617,0.03781420804343816,-0.05263869127841037,0.0,0.0,0.0,0.09559157172571876,-0.0
2017-04-13,0.019191176078361367,0.06789386508106347,0.023200054463721174,0.0,-0.06964419705436042,0.08544154412877283,-0.054305858273726776,0.0,0.0010027032196438044,0.0,0.018961590486023368,-0.08688276110798385,0.0,0.1698856024034375,0.0,0.07963887868190078,0.04677218798928259,0.0,0.02372810756148301,-0.023378934030410636,-0.02331960745391232,0.018466772965047902,0.004196933188433138,0.03040550176144806,-0.053119938366731484,0.0,0.0,0.0,0.09467850895207795,-0.00588527675217767
2017-04-14,0.02133931244617159,0.0660081237268132,0.023830803202459977,0.0,-0.07589516474848679,0.08633417919191748,-0.05929199894597775,0.0,0.0,0.0,0.018845111483081163,-0.08840472399625579,0.0,0.17680693324698868,0.0,0.08231328034406994,0.049534515514654424,0.0,0.02636355020467088,-0.02598814555528397,-0.025924364036644842,0.0033719311544761826,0.0,0.020505577646325462,-0.048533342272707995,0.0,0.0,0.0,0.09302764394317484,-0.007681298339839085
2017-04-17,0.030371972419039744,0.05508205295129214,0.030124041882289097,-0.0,-0.07724560545081703,0.08484035358761442,-0.0627757429950713,0.0,0.0,0.0,0.023346537312904255,-0.08322780584420361,0.0,0.17223139192257506,0.0,0.07390896720073467,0.055331398629661806,0.0,0.030802512697061277,-0.03042044544242789,-0.03035635104549124,0.0,0.0,0.011358918757835562,-0.043849658522376815,0.0,0.0007315404291202724,0.0,0.09561436661584456,-0.008380336293639191
2017-04-18,0.04512227044928346,0.0406775240659876,0.043468029199938585,0.0,-0.06950874853150468,0.07813856091194028,-0.05973161702969223,0.0,0.0033181080458849883,0.0,0.03145769008132854,-0.06588061301245432,0.0,0.13875090820699237,0.0,0.06080357069258164,0.06527715743047599,0.001000877986698946,0.03622541122833934,-0.03590046888752044,-0.0358459473308191,0.0,0.0,0.013557617001026086,-0.03562868047219978,0.002158067392714645,0.02382217690659458,0.005821519379799736,0.08846844462097979,-0.01943599113524282
2017-04-19,0.020732642362771933,0.0,0.02598892507026189,-0.0,-0.10312219514405933,0.09347384192827121,-0.07498225309913761,-0.0,0.0,0.0,0.0,-0.05901455659081566,0.0,0.34286716097274395,0.0,0.03996873087026738,0.09594249789070917,0.0,0.004951093855837445,-0.0037457253043651916,-0.003543480439586316,0.0,0.0,0.0,-0.0,0.0,0.0,0.0,0.13166689647117283,-0.0
2017-04-20,0.04678414378080755,0.0,0.050884795655754086,0.0,-0.07178140158944007,0.07272280925887878,-0.07113444802938802,0.0,0.0,0.0,0.04020689103490597,-0.060881444409770245,0.0,0.11951423654516015,0.0,0.05412253847175737,0.07643974879763192,0.009488409616331565,0.04860432170035539,-0.0481202731914381,-0.04803900018259827,0.0,0.0,0.0,-0.0,0.021998316710945466,0.028157811632727868,0.013749036730300524,0.08804578223301787,-0.029324590428790875
2017-04-21,0.016200707552374488,0.0,0.02700550944468655,0.0,-0.0694035765764941,0.07114125542641651,-0.0905365461089069,0.0,0.0,0.0,0.014439612154546791,-0.06968594373655171,0.0,0.21920630260364385,0.0,0.05530584986620026,0.07454510722578463,0.0,0.05383652647071859,-0.05294061663182397,-0.052790234050091124,0.0,0.0,0.0,-0.0,0.0032181028062925436,0.0,0.0,0.1007978601078516,-0.028946249237616312
2017-04-24,0.0,0.0,0.0,-0.0,-0.02870528489468554,0.06735845374470543,-0.09373772023792458,-0.0,0.0,0.0,0.0,-0.09137794822578586,-0.0,0.4049042037515871,0.0,0.050621229666740736,0.06256079958407391,0.0,0.0225060032066571,-0.020866262961197014,-0.020590536449566012,0.0,0.0,0.0,-0.0,0.0,0.0,0.0,0.13677155727707677,-0.0
2017-04-25,0.0,0.0,0.0,-0.0,-0.0,0.024620322786287705,-0.0,-0.0,0.0,0.0,0.0,-0.04203969591726664,-0.0,0.7761539494173612,0.0,0.0,0.0,0.0,0.0,-0.0,-0.0,0.0,-0.0,0.0,-0.0,0.0,0.0,0.0,0.15718603187908445,-0.0
2017-04-26,0.0,0.0,0.0,-0.0,-0.0,0.0,-0.11091677769249589,-0.0,0.0,0.0,0.0,-0.013543812278243422,-0.0,0.5992050166996531,0.0,0.0,0.12373844992540074,0.0,0.010901701507146665,-0.008149390397947143,-0.00768551336634561,0.0,-0.0,0.0,-0.0,0.0,0.0,0.0,0.12585933813276742,-0.0
2017-04-27,0.05665583442031253,0.0,0.05665013153255196,-0.0,-0.04367785007343682,0.0320760276307838,-0.08486484647209912,-0.0,0.0,0.0,0.0,-0.024978374889526263,0.0,0.22347382080940795,0.0,0.0,0.11338577032369739,0.0,0.08136202359385548,-0.08137299355428428,-0.0813952722052897,0.0,0.0,0.0,-0.0,0.0,0.02884414227440858,0.0,0.08893466565404834,-0.0023282465662978675
2017-04-28,0.07348296111637952,0.0,0.05211922161534099,-0.0,-0.08847273427051791,0.02067775670124843,-0.05469135392549667,-0.0,0.0,0.0,0.0,-0.0,-0.0,0.22627538067205802,0.0,0.0,0.1324873068003755,0.0,0.0916880043918944,-0.09170718656979476,-0.09173791795628174,0.0,-0.0,0.0,-0.0,0.0,0.0038345934735334003,0.0,0.07282558250707862,-0.0
2017-05-02,0.06522328033055921,0.0,0.015640683090363622,-0.0,-0.09520901595790404,0.013324861477771092,-0.03701768164792016,-0.0,0.0,0.0,0.0,-0.0,-0.0,0.3247760475042928,0.0,0.0,0.1189462975501761,0.0,0.08080416152010376,-0.08082750472029704,-0.08084566427131439,-0.0,-0.0,0.0,-0.0,0.0,0.0,0.0,0.08738480192929773,-0.0
2017-05-03,0.07909606953788047,0.0,0.0,-0.0,-0.06258204704830442,0.0,-0.0,-0.0,0.0,0.0,0.0,-0.0,-0.0,0.5151684519697668,0.0,0.0,0.046043722262660236,0.0,0.09406062010423873,-0.09410989072266647,-0.094148190568322,-0.0,-0.0,0.0,-0.0,0.0,0.0,0.0,0.014791007786160874,-0.0
2017-05-04,0.09474536127773127,0.0,0.0,-0.0,-0.0,0.0,-0.0,-0.0,0.0,-0.0,0.0,-0.0,-0.0,0.5664329759532705,-0.0,0.0,0.0,0.0,0.11287621861197203,-0.11294571396496204,-0.1129997301920642,-0.0,-0.0,0.0,-0.0,0.0,0.0,0.0,0.0,-0.0
2017-05-05,0.0,0.0,0.0,-0.11592243550314166,-0.0,0.0,-0.0,-0.10898729079909178,0.0,-0.0,0.0,-0.0,-0.0,0.7750902736977666,-0.0,0.0,0.0,-0.0,0.0,-0.0,-0.0,-0.0,-0.0,0.0,-0.0,0.0,0.0,0.0,0.0,-0.0
2017-05-08,0.0402583066317728,0.0,0.0,-0.0,-0.15109333048558637,0.0,-0.0,-0.0,0.0,-0.0,0.0,-0.0,-0.0,0.6160171817899598,-0.0,0.0,0.0,-0.0,0.06416817641826468,-0.06421350845969391,-0.06424949621472247,-0.0,-0.0,0.0,-0.0,0.0,0.0,0.0,0.0,-0.0
2017-05-09,0.0,0.0,0.0,-0.1547690892282744,-0.0,0.0,-0.0,-0.20144029755547965,0.0,-0.0,0.0,-0.0,-0.0,0.643790613216246,-0.0,0.0,0.0,-0.0,0.0,-0.0,-0.0,-0.0,-0.0,-0.0,-0.0,-0.0,-0.0,-0.0,0.0,0.0
2017-05-10,0.0,0.0,0.0,-0.28255107259464773,-0.0,0.0,-0.0,-0.28513958584165044,0.0,-0.0,0.0,-0.0,-0.0,0.3475130164935426,-0.0,0.0,0.0,-0.0,0.0,-0.0,-0.0,-0.0,-0.08479632507015922,-0.0,-0.0,-0.0,-0.0,-0.0,0.0,0.0
2017-05-11,0.0,0.0,0.0,-0.29225962150108514,-0.0,0.0,-0.0,-0.28360576950113275,0.0,-0.0,0.0,-0.0,-0.0,0.38096463635827704,-0.0,0.0,0.0,-0.0,0.0,-0.0,-0.0,-0.0,-0.04316997263950506,-0.0,0.0,-0.0,-0.0,-0.0,0.0,0.0
2017-05-12,0.0,0.0,0.0,-0.26100511010131755,-0.0,0.0,-0.0,-0.27531077019732525,-0.0,-0.0,0.0,-0.0,-0.02676120737888764,0.24752572650975502,-0.0,0.0,0.0,-0.0,0.0,-0.0,-0.0,-0.0,-0.18939718581271447,-0.0,0.0,-0.0,-0.0,-0.0,0.0,0.0
2017-05-15,0.0,0.0,0.0,-0.19656272291166493,-0.0,0.0,-0.0,-0.21598543021557115,0.0,-0.0,0.0,-0.0,-0.0,0.3762242266551718,-0.0,0.0,0.0,-0.0,0.0,-0.0,-0.0,-0.0,-0.211227620217592,-0.0,-0.0,-0.0,-0.0,-0.0,0.0,-0.0
2017-05-16,0.0,0.0,0.0,-0.03401879320332121,-0.0,0.0,-0.0,-0.10103509719403629,0.0,-0.0,0.0,-0.0,-0.0,0.5856331049904153,-0.0,0.0,0.0,-0.0,0.030788234442518783,-0.030822651637994705,-0.0308501447513652,-0.0,-0.18685197378034848,-0.0,-0.0,0.0,0.0,0.0,0.0,-0.0
2017-05-17,0.010775131817675535,0.0,0.0,-0.0,-0.026306943360408314,0.0,-0.0,-0.0028091997932547202,0.0,-0.0,0.0,-0.0,-0.0,0.6004355451047757,-0.0,0.0,0.0,0.0,0.10122498820093391,-0.10125088162412312,-0.10127148877749781,-0.0,-0.055925821321330914,-0.0,-0.0,0.0,0.0,0.0,0.0,-0.0
2017-05-18,0.0,0.0,0.0,-0.14364799959526478,-0.0,0.0,-0.0,-0.14863488480888035,0.0,-0.0,0.0,-0.0,-0.0,0.4657490313264374,-0.0,0.0,0.0,-0.0,0.0418041430232877,-0.04181216845428508,-0.041821694025362864,-0.0,-0.11653007876648193,-0.0,-0.0,0.0,0.0,0.0,0.0,-0.0
2017-05-19,0.0,0.0,0.0,-0.25472692533014857,-0.003955785627422682,0.0,-0.0,-0.23917298463586525,0.0,-0.0,0.0,-0.0,-0.0,0.36765212863810187,-0.0,0.0,0.0,-0.0,0.005268726456662973,-0.0052752054233698616,-0.005296841252051114,-0.0,-0.11865140263637752,-0.0,-0.0,-0.0,-0.0,-0.0,0.0,0.0
2017-05-22,0.0,0.030662638503053775,0.0,-0.21735319741972675,-0.0386306552784297,0.016177200941373,-0.0,-0.21085023188580285,0.0,-0.0,0.0,-0.0,-0.08997832607743973,0.2004950609090342,-0.0,0.0,0.0,-0.0,0.019590481822474904,-0.019595683103698133,-0.019601441726611907,-0.0,-0.10201422271790007,-0.0,-0.0,-0.0,-0.0,-0.0,0.03505085961445483,0.0
2017-05-23,0.0,0.019442300574426415,0.0,-0.21313108234321404,-0.03837023449139052,0.028260626835298137,-0.0,-0.21321773926319784,0.0,-0.020727753459343797,0.0,-0.0,-0.10653219174864771,0.1688287347308478,-0.0,0.0,0.0,-0.0,0.0034017742150326737,-0.003399945631300784,-0.003406005323312565,-0.008441222536478641,-0.11891283806582052,-0.0,-0.0,-0.0,-0.0,-0.0,0.05392755078168865,0.0
2017-05-24,0.0,0.03943624602878074,0.0,-0.1599807831265902,-0.05012627753882691,0.05311193172202802,-0.0,-0.1728620631547581,0.0,-0.001428649189138086,0.0,-0.024708499149396598,-0.06642886730425836,0.17544583199398028,-0.0,0.021587126297923854,0.0,-0.0,0.01692768247852396,-0.01692598883250984,-0.016931556877823918,-0.0,-0.08026403642612884,-0.0,-0.021546676739717902,-0.0,-0.0,-0.0,0.08228778313961443,0.0
2017-05-25,0.0,0.05478046705460619,0.0,-0.19331637592049505,-0.02662759249354913,0.04282649772257026,-0.0,-0.18986106414267212,0.0,-0.0,0.0,-0.006670347094362459,-0.07429594554613925,0.2711414989519683,-0.0,0.008685516487597258,0.0,-0.0,0.0,-0.0,-0.0,-0.0,-0.06195794408835019,-0.0,-0.0,-0.0,-0.0,-0.0,0.06983675049768975,0.0
2017-05-26,0.0,0.07627704193916482,0.0,-0.22830526823020952,-0.0,0.0,-0.0,-0.21064824484355932,0.0,-0.010024347470773383,0.0,-0.0,-0.10100779091242881,0.3058358220139326,-0.0,0.0,0.0,-0.0,0.0,-0.0,-0.0,-0.0,-0.05197792273447672,-0.0,-0.0,-0.0,-0.0,-0.0,0.01592356185545473,0.0
2017-05-31,0.0,0.03517865280026154,-0.0,-0.23280440205131406,-0.0,0.0,-0.0,-0.2166309575798867,0.0,-0.07118371595863655,-0.0,-0.0,-0.1347423131343777,0.18183223918930008,-0.0011143442945577317,0.0,0.0,-0.00122962188734149,0.0,-0.0,-0.0,-0.0,-0.09326870218949909,-0.0,-0.0,-0.0,-0.0,-0.032015050914825115,0.0,0.0
2017-06-01,0.0,0.06001113278915241,0.0,-0.22908180606450054,-0.0,0.0,-0.0,-0.227165243578599,0.0,-0.0,0.0,-0.0,-0.08703683706263107,0.30996146359473,-0.0,0.0,0.0,-0.0,0.0,-0.0,-0.0,-0.0,-0.08674351691038698,-0.0,-0.0,-0.0,-0.0,-0.0,0.0,0.0
2017-06-02,0.0,0.1212729896044943,0.0,-0.12447907736734848,-0.0,0.05445846871650534,-0.0,-0.1188504210836163,0.0,-0.0,0.0,-0.055173573354504,-0.0,0.33438555286464444,-0.0,0.07218288792069323,0.0,-0.0,0.013678307170609527,-0.013676188649269975,-0.013678918978772093,-0.0,-0.0,0.0,-0.015040880816112908,0.0,-0.0,-0.0,0.06312273347342946,-0.0
2017-06-05,0.0,0.10264302195715803,0.0,-0.13404052721017984,-0.0,0.058677147272340635,-0.0,-0.13405660601312452,0.0,-0.0,0.0,-0.0636373824654177,-0.0,0.32817963920279586,-0.0,0.07636885503912674,0.0,-0.0,0.004551710990694351,-0.004549423572953982,-0.004552375949306537,-0.0,-0.003921434283963203,0.0,-0.006491042403923157,0.0,-0.0,-0.0,0.07833083363901555,-0.0
2017-06-06,0.0,0.03590780413947012,0.0,-0.15097041170622602,-0.0,0.02624367289406071,-0.0,-0.1888704761971316,0.0,-0.0,0.0,-0.016615072660949835,-0.0,0.3836674027895601,-0.0,0.019820485479820446,0.0,-0.0,0.016254176066875473,-0.016246483703628883,-0.016250803577494314,-0.0,-0.053746913366213386,0.0,-0.0,0.0,-0.0,-0.0,0.07540629741856925,-0.0
2017-06-07,0.0,0.044332057890330526,0.0,-0.1472813871726531,-0.0,0.043603784209526986,-0.0,-0.1675566024990491,0.0,-0.0,0.0,-0.04577471889424044,-0.03841861755680111,0.23150122928931924,-0.0,0.031051577066663866,0.0,-0.0,0.025204092274147195,-0.025199014550550236,-0.025201863905481337,-0.0,-0.08027013879131017,-0.0,-0.007562665179128856,-0.0,-0.0,-0.0,0.0870422507207978,-0.0
2017-06-08,0.0,0.06885710386451646,0.0,-0.1236898862511817,-0.015112130249303569,0.04848668292120204,-0.004896112746765673,-0.13934632293797847,0.0,-0.0,0.0,-0.06011644509738727,-0.005641560210655311,0.2149272245703278,-0.0,0.040859178010257104,0.0,-0.0,0.04423033422876273,-0.04422551585352786,-0.04423141723274789,-0.0,-0.05978177351085009,0.0,-0.012776842637572214,0.0,-0.0,-0.0,0.07282146967696387,-0.0
2017-06-09,0.00919313974870364,0.09802722375826063,0.0,-0.1568318975758903,-0.008646085392962804,0.01008907549243365,-0.0,-0.1611370769819549,0.015303997283728768,-0.0,0.0,-0.029436467816611443,-0.022614492575341965,0.16710648994820998,-0.0,0.027402071116672935,0.0,-0.0,0.07823418534536011,-0.07822893790615813,-0.07823534472305554,-0.0,-0.05951351433465523,0.0,-0.0,0.0,-0.0,-0.0,0.0,-0.0
2017-06-12,0.0,0.12974523181175956,0.0,-0.05696975456434089,-0.035819123718448816,0.06822144382240344,-0.022999324247547703,-0.07572431517536113,0.00781953010327437,-0.0,0.0,-0.0897006997289032,-0.0,0.19126231190919252,-0.0,0.0620473492116579,0.0,-0.0,0.04424151875072689,-0.044235940492059575,-0.04424498922439507,-0.0,-0.011450680879270302,0.0,-0.040525086520241865,0.0,-0.0,-0.0,0.07499269984041684,-0.0
2017-06-13,0.03230768733899538,0.09712394750041219,0.019238799780378374,-0.0,-0.05973774845042099,0.0740886238078052,-0.050766823490822025,-0.0,0.031428644305527616,-0.0,0.022327036760211763,-0.0820010301965244,-0.0,0.12214752089501343,0.0,0.06899374457777727,0.0231118614004744,0.0,0.05676318452966393,-0.05676054018589477,-0.05676479846824374,0.0,-0.0,0.0,-0.06778458665636367,0.0,0.0,-0.0,0.07865342165547101,-0.0
2017-06-14,0.03155746906840975,0.11034207930486353,0.006443110004554213,-0.0,-0.08024103382350524,0.08277884653619874,-0.04045528733758107,-0.0,0.019737158080102048,-0.0,0.008378943184745708,-0.08931532241814955,-0.0,0.09200430390955908,0.0,0.07342194970203648,0.012379044677426223,0.0,0.06434441921899074,-0.06394832872668192,-0.06370453106679543,0.0,-0.0,0.0,-0.0737985877923164,0.0,0.0,-0.0,0.08714958514808394,-0.0
2017-06-15,0.023406293419247805,0.11399013870856285,0.0,-0.0,-0.08431957980502951,0.0828854210238979,-0.03710546819012013,-0.0,0.008108239361496121,-0.0,0.0,-0.09429759443292855,-0.0,0.10559148668141902,0.0,0.06842284178260434,0.011904296165503694,0.0,0.06765422013264732,-0.06717165111302432,-0.06687462773347684,0.0,-0.0,0.0,-0.07667948090694018,0.0,0.0,-0.0,0.09158866054310144,-0.0
2017-06-16,0.02692635087288519,0.11853518844312458,0.002921650706407984,-0.0,-0.08633952419334132,0.08129571152270178,-0.03390748993505959,-0.0,0.024051033851113457,-0.0,0.005235155628956144,-0.09152699737143632,-0.0,0.09237165281461644,0.0,0.06846242240033454,0.011766139249593403,0.0,0.06857332616639107,-0.06810078941897993,-0.06780994049452829,0.0,-0.0,0.0,-0.07079722097627798,0.0,0.0,-0.0,0.08137940595425182,-0.0
2017-06-19,0.024065295065092605,0.13233246593347664,0.008733707156184071,-0.0,-0.05476748545955343,0.0566754135272825,-0.049314917010883905,-0.0,0.05031513527022004,-0.0,0.01809173385047129,-0.07646412426349518,-0.0,0.10447000244045504,0.0,0.05271203550878216,0.010549764804620824,0.0,0.07458491283985705,-0.07408220229622724,-0.07377278232420068,0.0,-0.0,0.0,-0.08247970450611544,0.0,0.0,0.0,0.056588317743082046,-0.0
2017-06-20,0.05095052897236866,0.08307143874607,0.04048492533148689,-0.0,-0.058841619702960854,0.05582157077697354,-0.06088328347665804,-0.0,0.04430272434986863,0.0,0.0388833440415344,-0.06495039583373606,-0.0,0.060710873750214896,0.0,0.046911081498689146,0.045611376365383274,0.0,0.07502205524676277,-0.07478117261557167,-0.07463290191879733,0.0,-0.0,0.0,-0.06486327648472841,0.0,0.0,0.0,0.05927743088819543,-0.0
2017-06-21,0.050914039748209024,0.08544897257276018,0.0428312739851026,-0.0,-0.05780965678459322,0.05457663976343236,-0.05999538469031426,-0.0,0.05234259337828315,0.0,0.04478344242550082,-0.058027656591455236,-0.0,0.05852698684537265,0.0,0.04733808309680489,0.04354867983498124,0.0,0.07585132649264494,-0.07562150997099554,-0.0754814921394824,0.0,-0.0,0.0035833516699702818,-0.06232848895219066,0.0,0.0,0.0,0.05099042105790666,-0.0
2017-06-22,0.05414526262038983,0.08987357675435911,0.0367035837411372,-0.0,-0.0496591232041445,0.04093816854918134,-0.07055125870423166,-0.0,0.04368913181754576,-0.0,0.032902674242082194,-0.05890563180194911,-0.0,0.04528425036997804,0.0,0.03185142778934214,0.04789347710259527,0.0,0.10195622153677449,-0.10162939962784456,-0.10143027800422881,0.0,-0.0,0.0,-0.05298568851273533,0.0,0.0,0.0,0.039600845621480606,-0.0
2017-06-23,0.052513155431767156,0.08495134123380854,0.025384681715794704,-0.0,-0.044688801459595584,0.04734228484791746,-0.07213679390950276,-0.0,0.010473753355494877,-0.0,0.012759532311791862,-0.06803546101083782,-0.0,0.050967848103876744,0.0,0.030688075976809438,0.04708390398982174,0.0,0.11255341424998076,-0.11216685111551487,-0.11192836700607942,-0.0,-0.0,0.0,-0.06021492693544311,0.0,0.0,-0.0,0.05611080734596299,-0.0
2017-06-26,0.05361027362883752,0.09259395031852923,0.02473381053381329,-0.0,-0.04025097266144074,0.04429860404866894,-0.07195934210606743,-0.0,0.01339839770000219,-0.0,0.010484955786508831,-0.06276634897087008,-0.0,0.05763489082756345,-0.0,0.03006452397317023,0.047598635924489895,0.0,0.11375817338461064,-0.11334014454614232,-0.11308127854084886,-0.0,-0.0,0.0,-0.05961163188184308,0.0,0.0,-0.0,0.05081406516659338,-0.0
2017-06-27,0.06230531887257383,0.09551862604054635,0.04271061510028824,-0.0,-0.046557793255688235,0.04697250615857409,-0.06570265383332234,-0.0,0.03998929732324797,-0.0,0.03435361521065181,-0.05179285867044959,-0.0,0.055568564900913116,0.0,0.040356928203821814,0.05116743842589781,0.0,0.09415633390952612,-0.09386051185344005,-0.09367732688155113,0.0,-0.0,0.0,-0.04807245099264546,0.0,0.0,0.0,0.03723716036686194,-0.0
2017-06-28,0.06379155074100785,0.08803081797810575,0.04158349255083946,-0.0,-0.03858466469429479,0.03702144978123761,-0.07169621014643786,-0.0,0.03463184263871657,-0.0,0.03178261238691974,-0.05300209044986561,-0.0,0.05260683884279296,0.0,0.03160798202333602,0.05571878993072464,0.0,0.10543714145817969,-0.10513295954078987,-0.10493894819048266,0.0,-0.0,0.0,-0.04641939179146164,0.0,0.0,0.0,0.03801321685480716,-0.0
2017-06-29,0.06171235718940777,0.08830890324731645,0.044589320617324485,-0.0,-0.041610712711508305,0.040671369478638045,-0.06692655873847564,-0.0,0.040540591794025596,-0.0,0.03755911184143231,-0.05380445113613592,-0.0,0.0499041886902476,0.0,0.03879142570813287,0.0515977761112331,0.0,0.09888912478231153,-0.09862552789428691,-0.09845803972547179,0.0,-0.0,0.0,-0.05155099226237507,0.0,0.0,0.0,0.03645954807167661,-0.0
2017-06-30,0.07183352326607201,0.09769044931324526,0.04721864513553019,-0.0,-0.03031341230571072,0.026249128370235852,-0.06658315750950691,-0.0,0.04837462551993257,-0.0,0.04297224918728073,-0.041476881349713994,-0.0,0.05907061056064699,0.0,0.03099944206740498,0.045678651648785255,0.0,0.10993591554204529,-0.10963864453802692,-0.10944835894589926,0.0,-0.0,0.0,-0.04571320593763738,0.0,0.0,0.0,0.01680309880232579,-0.0
2017-07-03,0.07666058334720105,0.09613228935145204,0.05572122967272175,-0.0,-0.03348221467036361,0.017667859328875078,-0.06944619905065463,-0.0,0.06464739298761456,0.0,0.057586858892265134,-0.027548792138895065,-0.0,0.05149158846516276,0.0,0.022737844217359672,0.04558890631878574,0.0,0.11371194716893929,-0.11342300409977339,-0.11323805432142524,0.0,0.0,0.0,-0.036984720725944636,0.0,0.0,0.0,0.003930515242566444,-0.0
2017-07-04,0.07366202853014388,0.08044238777559133,0.053144621121910166,-0.0,-0.04236961970763414,0.03472535856128797,-0.07006140590535861,-0.0,0.040564730282057794,-0.0,0.04787280164294442,-0.04311938830341712,-0.0,0.03780901543493379,0.0,0.034253258955253864,0.0540634534869523,0.0,0.10320911210453773,-0.10297723357012391,-0.10283095334375833,0.0,-0.0,0.0,-0.0526669029637105,0.0,0.0,0.0,0.026227728310384245,-0.0
2017-07-05,0.07341996644160903,0.07449687620219807,0.05961119519272148,-0.0,-0.046588117234480635,0.03963569376207964,-0.07198804424668594,-0.0,0.04494379412425705,0.0,0.05394709191192725,-0.04492668417481803,-0.0,0.03043403330485843,0.0,0.037688663558310125,0.05917163836930323,0.0,0.0955345138109747,-0.09534543441382123,-0.09522481290676153,0.0,-0.0,0.0,-0.04639101516423449,0.0,0.0,0.0,0.029721181329429996,-0.0009312438515291247
2017-07-06,0.07232886514026207,0.08845345992242638,0.0593354518044324,-0.0,-0.047722129859440354,0.041335126277677575,-0.0711929824278767,-0.0,0.053859376656846626,-0.0,0.05782511418592409,-0.04345788249640362,-0.0,0.03399055626009422,0.0,0.04866421563956132,0.05399055932336016,0.0,0.08952559369567017,-0.08933715461013861,-0.08921694727467347,0.0,-0.0,0.0,-0.03859608207674589,0.0,0.0,0.0,0.021168502348466445,-0.0
2017-07-07,0.06983202985352308,0.09035140701837395,0.058201677680332124,-0.0,-0.04665647869904715,0.03981875636119553,-0.07127053211785898,-0.0,0.05665880591279553,-0.0,0.05893560684319409,-0.04267272244300598,-0.0,0.03438780276746076,0.0,0.04838590343907015,0.05199328570008735,0.0,0.09100080382707411,-0.09081768642299036,-0.09069577550145835,0.0,-0.0,0.0,-0.039147278225226935,0.0,0.0,0.0,0.019173447187305626,-0.0
2017-07-10,0.07063887954306435,0.08850578609221323,0.059466782758356346,-0.0,-0.044334782911402165,0.03883642026797331,-0.06786398926265363,-0.0,0.06114109701650122,0.0,0.05888189001546847,-0.040093260690619255,-0.0,0.03965582749844792,0.0,0.04570048028851946,0.053163660234447324,0.0,0.08749946698959196,-0.0873392494974985,-0.08723141946675911,0.0,0.0,0.006674203138686019,-0.036292043339936055,0.0034978893618670907,0.0,0.0,0.02070905012179241,-0.0024738215042021464
2017-07-11,0.07325540532757081,0.09186613295933435,0.05960870901806355,-0.0,-0.039672608255587584,0.036642257191232534,-0.07011433928845759,-0.0,0.05956751796624482,0.0,0.05645860157489059,-0.03856714661193357,-0.0,0.046823637696975465,0.0,0.04240370914088501,0.05325406731249388,0.0,0.09164051040010772,-0.09145439829535888,-0.09132917281005117,0.0,0.0,0.0008147669543051533,-0.03863897963228676,0.0,0.0,0.0,0.01788803956422063,-0.0
2017-07-12,0.0707226031622674,0.114342875224233,0.05310348318887025,-0.0,-0.018946295152825702,0.02529181887125812,-0.06835563624231368,-0.0,0.07545507529707698,-0.0,0.0567348952640334,-0.030621616010861646,-0.0,0.07163823318910564,0.0,0.030217910071937644,0.04200098433592215,0.0,0.09941108405772671,-0.09913235558477254,-0.0989429377524717,0.0,0.0,0.0,-0.037828136275721645,0.0,0.0,-0.0,0.007254060318601906,-0.0
2017-07-13,0.06327115459605569,0.12846722123036525,0.04744310021412748,-0.0,-0.011710928240459448,0.019449627867444783,-0.06990991936628439,-0.0,0.08690853675918414,0.0,0.057869141569027595,-0.03147868789500111,-0.0,0.08957277169742454,0.0,0.03104072772737265,0.032106801412010534,0.0,0.09702983684295106,-0.09672929552361605,-0.09652509071320112,0.0,0.0,0.001318619103247275,-0.03916853924222682,0.0,0.0,-0.0,0.0,-0.0
2017-07-14,0.04630190797346758,0.1927083755229944,0.02102917617953823,-0.0,-0.0,0.0,-0.06739080868617917,-0.0,0.10925057683140735,-0.0,0.046972825832425305,-0.021897678409897845,-0.0,0.13482958637835354,0.0,0.018094184590520857,0.0,0.0,0.10496231213538267,-0.10446168817311934,-0.10412178112583002,0.0,0.0,0.0,-0.027979098160883658,0.0,0.0,-0.0,0.0,-0.0
2017-07-17,0.05387344159829476,0.13425134467930874,0.031108901289956185,-0.0,-0.02006573206382288,0.03185885159515244,-0.06432679337573248,-0.0,0.07898879322743098,-0.0,0.04418236520420657,-0.05204511821053718,-0.0,0.0944368011063076,0.0,0.04452889700136354,0.02147826996694314,0.0,0.08469680391931039,-0.08443640462182095,-0.08425954142171557,0.0,0.0,0.0,-0.05948771192944291,0.0,0.0,-0.0,0.01597422878865386,-0.0
2017-07-18,0.05961142855773303,0.12966536775683127,0.03138971437444765,-0.0,-0.023770266825285175,0.0409129160802747,-0.05658110541341302,-0.0,0.07104670830802731,-0.0,0.03810048225293624,-0.05402290298524668,-0.0,0.0932027727344704,0.0,0.05007711357396236,0.027119737618734215,0.0,0.07712547369498116,-0.07686892884692945,-0.07669466450493996,0.0,0.0,0.0,-0.06597103901729447,0.0,0.0,-0.0,0.027839377454492865,-0.0
2017-07-19,0.06649401871639311,0.10253559787889455,0.044452471323904695,-0.0,-0.03736406217888234,0.04931850406807302,-0.05488158077126855,-0.0,0.05927164840990193,0.0,0.0464293448224713,-0.05260880650957451,-0.0,0.07351284889584457,0.0,0.05168793808545986,0.04209278910410936,0.0,0.07205286995250482,-0.07186941866759661,-0.07174480371207365,0.0,0.0,0.0,-0.06462627378176922,0.0,0.0,0.0,0.039057023121277894,-0.0
2017-07-20,0.06697078758054216,0.10223395153629145,0.04546135264165192,-0.0,-0.040415113161019846,0.04768332326292916,-0.055230781045116056,-0.0,0.06443455163927686,0.0,0.04915909376710141,-0.049350166671375886,0.0,0.06299840094400624,0.0,0.049713692194431135,0.04052537697342981,0.0,0.07339282962694724,-0.07321327790845268,-0.07309132217427207,0.002418305808245604,0.0,0.00962050128963301,-0.05916372441056849,0.0,0.0,0.0,0.034923447364708975,-0.0
2017-07-21,0.06752745554007235,0.09971718044801325,0.04519089382441502,-0.0,-0.03996500359910388,0.04411998910468067,-0.0563517399824736,0.0,0.0638861532115158,0.0,0.04782776284064179,-0.04654874772664843,0.0,0.06040900502026204,0.0,0.046649604219035114,0.041963707984742075,0.0,0.07591125836493255,-0.075737300251396,-0.07562122246311913,0.008906519909982702,0.0,0.016473428509123637,-0.056543491898267066,0.0,0.0,0.0,0.0306495351015748,-0.0
2017-07-24,0.06698021155619488,0.10112205870792287,0.0462092948470262,-0.0,-0.04552221600604915,0.04412425529461557,-0.05706877210205426,0.0,0.06540509362929027,0.0,0.04907569086274244,-0.04324045496577465,0.0,0.05735230057824606,0.0,0.0480573660290961,0.04272323511063687,0.0,0.07417977692347913,-0.07401401288686112,-0.07390340614807153,0.01299760027191328,0.0,0.018669140211380327,-0.05407489491453592,0.0,0.0,0.0,0.025280218954109413,-0.0
2017-07-25,0.05825019872923062,0.1130110601642411,0.03469617367237861,-0.0,-0.041712009584786235,0.04803004778396698,-0.05495311685635197,-0.0,0.06837133079264329,0.0,0.04235873243458433,-0.052314321626448654,-0.0,0.08194963378976507,0.0,0.05791642640920174,0.032764361531099996,0.0,0.07067171371836643,-0.0704759259458178,-0.0703452806414328,0.004805768756325911,0.0,0.011989422952543996,-0.05825611943258795,0.0,0.0,-0.0,0.027128355178226565,-0.0
2017-07-26,0.05050932024930149,0.10928847624629612,0.039184961966422335,-0.0,-0.03718219499610099,0.04291288064785454,-0.0584401841078123,0.0,0.07626208103250869,0.0,0.04910969977675811,-0.04981633810582671,0.0,0.07993675519350786,0.0,0.057899379223405885,0.03556071636747364,0.0,0.0603295301335939,-0.060153735226356635,-0.06003774890973054,0.02817689786888691,0.003773670816293397,0.03130818887398376,-0.04982293352104082,0.0,0.0,0.0,0.02029430673684539,-0.0
2017-07-27,0.050872489368549566,0.11439989399101026,0.03729955313099736,-0.0,-0.03854583334642661,0.04538117175495213,-0.05834722205742612,0.0,0.07859319919559221,0.0,0.047728661102203675,-0.050706844501157436,0.0,0.08233036691039598,0.0,0.06146216698484798,0.03515072906053275,0.0,0.05939207046162028,-0.05920676723006259,-0.05908450766812887,0.0204344884008235,0.0,0.02689949965781065,-0.05289984976547669,0.0,0.0,-0.0,0.02126468541198538,-0.0
2017-07-28,0.04869647616793413,0.11440114327495907,0.03848921397469452,-0.0,-0.03771817761866562,0.04672860843531985,-0.06133644064875089,0.0,0.07216774563517278,0.0,0.046700284764561346,-0.054961099171163534,0.0,0.08726155808462677,0.0,0.06305998013908018,0.03714313926722751,0.0,0.055281780079782315,-0.05510291124155205,-0.05498489740446568,0.020177404668258517,0.0,0.025132013071577905,-0.05648881873221094,0.0,0.0,0.0,0.024168307619996342,-0.0
2017-07-31,0.04337110324713456,0.10326129983836392,0.04422184184204337,0.0,-0.033291450216727456,0.04672980507292449,-0.06286436533364542,0.0,0.07104958053677085,0.0,0.04992315991081481,-0.05524781492440978,0.0,0.08706186037634198,0.0,0.06220977592355753,0.04332528846287143,0.0,0.050707415520106644,-0.05055538673758443,-0.05045508726802868,0.02666525614416896,0.008218223749054484,0.029043296787490045,-0.05436780723750446,0.0,0.0,0.0,0.027349368987063836,-8.08118833928393e-05
2017-08-01,0.04669151672472965,0.10395911954459561,0.04796669978720831,-0.0,-0.034893748391205334,0.04864266963754723,-0.0645408708088288,0.0,0.06979361603168277,0.0,0.05208750035703413,-0.053230208934759195,0.0,0.0859035780998013,0.0,0.06313209478678755,0.046572238407282224,0.0,0.052051217332374826,-0.05189099294206799,-0.05178482980569995,0.020139361910811577,0.0,0.02334877408894868,-0.05587984061569412,0.0,0.0,0.0,0.027491121792940665,-0.0
2017-08-02,0.0363826620106341,0.11987301016217297,0.03878806727502768,-0.0,-0.02283323713103314,0.049612510884766765,-0.06563827945100181,0.0,0.07517511536350427,0.0,0.048094733787614245,-0.06040845807852667,0.0,0.10886479839827154,0.0,0.06680884483444299,0.03630164992169905,0.0,0.050467959323002055,-0.05024720077078501,-0.05010093910797565,0.018574023584585278,0.002058857424418816,0.01801144571906815,-0.05486988403481237,0.0,0.0,0.0,0.02688832273665741,-0.0
2017-08-03,0.04611979624308509,0.09268948459041301,0.04410397414601008,0.0,-0.03577374617622905,0.05013256230496577,-0.05714558712552992,0.0,0.0650089116601788,0.0,0.04954795761192471,-0.05271138279182751,0.0,0.07913183702314168,0.0,0.05968428025296576,0.03964708697090153,0.0,0.048737205787214216,-0.04859831364551977,-0.04850629903964525,0.02788507600148938,0.019006386181330544,0.030420201465214146,-0.05484158915840992,0.0094351440158528,0.0,0.0,0.03427883164305426,-0.0065943461650968035
2017-08-04,0.042759388744582044,0.09317075210263955,0.040628374948785594,0.0,-0.038278415264555936,0.04902868596458801,-0.05539188737983497,0.0,0.06440305949318362,0.0,0.045668753072725665,-0.052081824358304794,0.0,0.0685376531630988,0.0016824222100506043,0.059663436189873006,0.038039381111811446,0.0,0.04789143816959928,-0.047757797876712194,-0.04766926071780779,0.035418895259725185,0.028224754948480524,0.03485476607164906,-0.05484713341928549,0.011159502544911722,0.0,0.0,0.03409305184017629,-0.008749365147618466
2017-08-07,0.04448117112560677,0.09002605500376926,0.04137087189227291,0.0,-0.03978428204587707,0.05291017486022838,-0.05464182408805411,0.0,0.060080588715069556,0.0,0.04498926693146234,-0.05583970109478907,0.0,0.06486014203351717,0.002823300143292258,0.06353097852401711,0.04104651222816697,0.0,0.046487930477602635,-0.04636183089674578,-0.04628012867635734,0.031768229655443576,0.02676191798399014,0.030730779000386933,-0.05579399488012961,0.010086971730804957,0.0,0.0,0.03846874270588712,-0.010874605306528782
2017-08-08,0.04935219384838803,0.0785619540685313,0.044133014691097476,0.0,-0.04271604174648669,0.04937130679248442,-0.05311065758695175,0.0,0.055064631557552444,0.0,0.04558090507495034,-0.048592460801348956,0.0,0.04674997389179106,0.013522104226415473,0.05687000889194436,0.04268782859320646,0.0,0.05072797590896061,-0.050606520702148994,-0.05052782736440037,0.034806000127891465,0.030493438170892378,0.03321678954679364,-0.05028485285711447,0.01756819527139621,0.004246747468629945,0.0,0.0357178357924928,-0.01549073501813048
2017-08-09,0.04576551637689531,0.08573786357862188,0.04124716391514626,0.0,-0.04067656170656309,0.04605210117737593,-0.051796764536632664,0.0,0.06368999083160745,0.0,0.04650889933985792,-0.04614840907318742,0.0,0.05224481343937628,0.013194878333168585,0.05590088447231298,0.037410684133764714,0.0,0.048185134138221695,-0.04805667366787522,-0.04797438244277417,0.044118696708779284,0.037594070982981766,0.040647776262452355,-0.04539380659837008,0.017975482699003124,0.0,0.0,0.029573418698176136,-0.014106026886855754
2017-08-10,0.0437278467776334,0.09983341190888874,0.038373314339817444,0.0,-0.03332363790273219,0.03981404474307234,-0.050619490072130305,0.0,0.07564621318040014,0.0,0.04667313016008845,-0.04176422076453132,0.0,0.059740245814366065,0.012518539510245971,0.054924222084712884,0.03234426778892966,0.0,0.04744522021030991,-0.047288597994447006,-0.0471882217272368,0.05402699404160521,0.04717550629294745,0.04813989945994636,-0.04034974264330363,0.013058630641425047,0.0,0.0,0.01882751451204473,-0.007197087429185143
2017-08-11,0.04767010681624873,0.09317080621574791,0.04249420733416006,0.0,-0.03603976818115109,0.04405888335418726,-0.054364719388687026,0.0,0.06602508210331083,0.0,0.04876333634301506,-0.04550921849944828,0.0,0.053915433170284334,0.01125312916249858,0.05684018078466118,0.03870293650563826,0.0,0.05151443076368266,-0.05136910080444254,-0.051275947098747165,0.04204071348670184,0.04106426818599047,0.033032115551472084,-0.04859243911194227,0.009437782469497795,0.0,0.0,0.02593827840852803,-0.006927116259956564
2017-08-14,0.04784521435817644,0.08609124368480052,0.04344615187265845,0.0,-0.03737235287157583,0.0400776489036601,-0.05521897929242892,0.0,0.06380731781952316,0.0,0.05044242132278441,-0.04488892916007078,0.0,0.0467374741162321,0.016632897529536908,0.053042128213545585,0.038154451029975285,0.0,0.052483773528906125,-0.05234707459258623,-0.052259461411493686,0.04305129536194747,0.04200306792664102,0.03705831279779684,-0.04641785878849663,0.014025962985528254,0.0,0.0,0.023845263192691677,-0.012750719238943555
2017-08-15,0.043127365997148066,0.07483969182692084,0.04247069236874786,0.0,-0.027942330551863064,0.026501498520050185,-0.053865054086108116,0.020636614729309253,0.0597523483280803,0.012562042816495528,0.047777184853865125,-0.0334796899262742,0.029411931098959745,0.04002538362014283,0.03118755085065345,0.03835072928519061,0.03767417605765027,0.000985119320989781,0.04943153854320012,-0.04929372171820511,-0.049204091582876634,0.047680344269613914,0.0549617887343055,0.0362653970102171,-0.03483847959191144,0.0184266229961911,0.004828239910263017,0.0022002925601257144,0.013941577066816164,-0.018338501777825027
2017-08-16,0.03737281565604758,0.05708620293461846,0.043032942246349334,0.01653255531847405,-0.019189002931804578,0.021478361281696036,-0.05062147251970959,0.03111550473655536,0.051036576203170175,0.027551204856793163,0.04562124372194342,-0.027977870017960742,0.04073740953790531,0.029478766776348305,0.035703931630435254,0.029349807699113523,0.03907166685749158,0.015898646831163914,0.041399305040581376,-0.04128271491000291,-0.0412075849445783,0.04176349008533766,0.04874253302983055,0.032514988804053464,-0.02687993864514841,0.02443810566828657,0.021305990767139096,0.02268265787338533,0.012576773252847572,-0.026349935221228502
2017-08-17,0.03748059446536861,0.05802720557980538,0.04007944274868583,0.019606418989198335,-0.016022119967115448,0.016660477645920265,-0.04793121020989039,0.034195671742764444,0.053476055928838424,0.029621604810794504,0.04410425987088495,-0.024964099762624835,0.03965048487410391,0.03007807384130925,0.03888728874403784,0.026127033751038312,0.0340772679921147,0.01738276137692166,0.04213585443845112,-0.04202558383029181,-0.041954531374172294,0.0471558540909161,0.052404758128597996,0.03744440486272912,-0.023197998610415067,0.02753914486039249,0.020257803678414694,0.02248110192345319,0.0066480102007253445,-0.028382881700023677
2017-08-18,0.045325867734468665,0.05930806435644916,0.04652119703058033,0.010399786374359276,-0.013262225294880248,0.013562497949358094,-0.05439478278559144,0.02805799108799789,0.05639298170255337,0.027572818624619747,0.04708117592858022,-0.02197226537057895,0.03642630013800321,0.02687023992340059,0.03747925100125211,0.023824011516186183,0.04112579398616848,0.014933721020660385,0.04967576371740392,-0.04954469096212771,-0.04946023282183518,0.04424386376968749,0.0483263462333895,0.03512090461611772,-0.021950707837350078,0.025883063295101243,0.019380778278198906,0.021215898011198952,0.00210271083739427,-0.02858406779450673
2017-08-21,0.046655611466991785,0.05515753386479271,0.04493366502351621,0.013172582339193004,-0.018774159874426266,0.015598572762389148,-0.05134032311767948,0.024386429424667594,0.05181703186778704,0.03134504608934905,0.045440041279053156,-0.021839243816023972,0.03315644939292418,0.021211930679127113,0.038699321208920494,0.024468168079826002,0.039671702329241595,0.020105602479576094,0.047943346515540074,-0.047834892916646034,-0.047765231827440684,0.04252494853881693,0.04085587317350835,0.03563844623279633,-0.024326568461312346,0.02860567424874725,0.023528888495644676,0.02632399235351676,0.005331653071528797,-0.031547069069016824
2017-08-22,0.04504252003508187,0.048895755345393865,0.04182047557400433,0.017805809823652773,-0.026294290543864434,0.020566308714685837,-0.047831050093633885,0.026329409141472557,0.045832652387640324,0.033231600441750886,0.04248314221085718,-0.023232661757963305,0.03103801001667538,0.019929080923216894,0.03845182299502488,0.025809885679591832,0.037447003529010654,0.023398371378704423,0.04540334133289724,-0.04531660869586116,-0.04526089185023983,0.03948948848156633,0.038171408709752254,0.034349513539827826,-0.02691181726060056,0.03032656490731574,0.025811296290952947,0.028216772321863717,0.011738931092490815,-0.03356351492440639
2017-08-23,0.0469081356819008,0.03881374640803333,0.03931640137676283,0.024736802408079493,-0.024481181245498113,0.017030967028436646,-0.04381049592952561,0.03020658144257917,0.03857004883461706,0.037812742561147604,0.03885618782108575,-0.019975752107610496,0.03794806893354577,0.01998526416375273,0.040818395428870655,0.02013942953726505,0.03532825968082737,0.02782063921820143,0.047222832768528365,-0.04715108132168467,-0.047105189651232254,0.039718698611725375,0.03756490745536194,0.032883872913952505,-0.024623871295269655,0.03250209660085134,0.02940541109602325,0.03365200161345678,0.010827632431439053,-0.034783304432735015
2017-08-24,0.047491252939207015,0.047058245126562995,0.03916586398760586,0.017869080301771364,-0.029618036712897092,0.016031040278146898,-0.04156890322725994,0.024516693525256834,0.04476523181498893,0.040711434629136664,0.03979885151092,-0.01612943204690813,0.03360458550626111,0.010456385832326744,0.04328808884865406,0.021523173515735038,0.03203296725448811,0.029389324367941904,0.04689312653444861,-0.04680649484430395,-0.04675106981228356,0.04375104519428788,0.037752960147776536,0.036180370554549174,-0.021438352474743957,0.03462756599964252,0.03242116778760997,0.03665908747984052,0.005432051506789806,-0.0362681162376549
2017-08-25,0.054896835178810305,0.05425150386785662,0.039146444568035864,0.009966845697060692,-0.02819006905603083,0.01187672730519415,-0.042591261600039815,0.018686627711967916,0.04683375072605328,0.0404043962091358,0.04003795273025739,-0.012553896009518206,0.03125521617880653,0.009077343494212055,0.0441919433790313,0.01998159743648813,0.031053444091488663,0.02783089202591085,0.0533948176172465,-0.053289695421525014,-0.05322310862664253,0.04412339200019646,0.03612275020714137,0.03667924477611131,-0.020337458045395083,0.034759755199203705,0.03260687671490452,0.03568835696516869,0.0,-0.03694779716056643
2017-08-28,0.05210205378797705,0.053250725387197745,0.03722471606122537,0.010623241283256476,-0.026406773174855125,0.012962844788754148,-0.040663645024356536,0.019638837400949162,0.04910374641454224,0.04296963947400617,0.03952522533121975,-0.012906350673316995,0.03222170421722705,0.010192965839788667,0.046892590437390545,0.020932460792655504,0.02831513476510171,0.02993237984164631,0.04924808619440105,-0.0491468512045616,-0.049082727852375586,0.04798360659307313,0.0383669496139537,0.04048849795167364,-0.01863247676420649,0.03645317043120627,0.03226602357112429,0.03582660975567538,0.0,-0.03663996537228206
2017-08-29,0.05374218423587888,0.06494007981637848,0.03706409759313763,0.0024606707408961126,-0.027175847945498013,0.01693326712181373,-0.04210405081801832,0.013649991722275184,0.049330251231430616,0.03988597222450561,0.03944215050837788,-0.01892253208887743,0.0231696177082527,0.011418185819368617,0.04285541015169026,0.02857618089922705,0.029120289193256047,0.0281196274672396,0.0507484610415868,-0.05063987571819088,-0.0505707848573728,0.04606467111548708,0.03739033865618085,0.041716732970496315,-0.019097927914740947,0.03468467469668267,0.031077615941215685,0.03355656411904978,0.0,-0.03554194568287402
2017-08-30,0.05236136780530375,0.0594196674168686,0.03254166033046784,0.009065381929397672,-0.01944198319628912,0.010025763649215522,-0.039785111184396676,0.01768034627367745,0.04380779270398136,0.045096270777705415,0.03572178396887265,-0.017319565583698463,0.025588101542390822,0.01789725843153491,0.046579372840097104,0.022604255896293505,0.02291723063120969,0.03232962158445429,0.05085625068921191,-0.05074534878905043,-0.050674715280100695,0.04563341268384339,0.039412842325846194,0.04391095253306846,-0.018082597752663736,0.038945509304796816,0.034315977124922015,0.03930961510116728,0.0,-0.0379302426694743
2017-08-31,0.0550494486756993,0.05851563261817242,0.03660526563116019,0.0031690023656823357,-0.01626501353681749,0.006634127022468472,-0.04374170076767843,0.010729210264498744,0.047173111036266716,0.04328823492663491,0.03872727342389338,-0.013685501092033047,0.015924589470305908,0.014505840729320596,0.04243272148659622,0.020411928209308327,0.027054162074264334,0.036781822719836495,0.0547489475843425,-0.054629762169801054,-0.05455385275083601,0.03923771978946069,0.033833438228889234,0.041195839920537776,-0.01835232275617842,0.038910614013811844,0.04438893191984655,0.04312374486966037,0.0,-0.04633023994599811
2017-09-01,0.04703145424495825,0.05063953088068011,0.03591474610692606,0.013652842969514127,-0.018325112296617634,0.014417109693923258,-0.044340979408860726,0.017564729096869246,0.04028590567518882,0.0432222542539337,0.03719633513368915,-0.022161094781903177,0.019701988812644008,0.022503823786281123,0.04047016105498117,0.023823437897203325,0.029062418706520706,0.036832606399593175,0.04473902785786338,-0.04463980417917652,-0.04457660550436515,0.03404576968443242,0.03253719586036412,0.03444465438580216,-0.02184771565706746,0.036096131122557,0.0464020169349931,0.04614802614481028,0.008332312241222809,-0.04904420922705784
2017-09-04,0.0539441282978597,0.05193977943724539,0.03767474736119172,0.007841944162587596,-0.022877650710350396,0.016222295485348422,-0.04462115052427442,0.012018472117489866,0.042874173727935574,0.03758219983607667,0.039354648558932,-0.022653413438274383,0.01635310051465361,0.023926894490710948,0.03538493522340288,0.0266062062096803,0.02959564357636476,0.03278736902417577,0.05280293379593955,-0.05270945126684619,-0.05264991481007873,0.03220901009053074,0.02863110399205958,0.03354965160922197,-0.024491258395937573,0.03257717726749181,0.04243281741592903,0.04003955512198818,0.008463345587269478,-0.04518502795015292
2017-09-05,0.06156593190291908,0.05846070587196164,0.03836845257124533,0.0,-0.018078492826793642,0.00797212005504837,-0.04664892745782948,0.002051424336629569,0.050379316969225076,0.03886245907646806,0.04299779729683612,-0.017369152707805948,0.009062202169449597,0.023885539414879902,0.03639017798881365,0.022188209659923446,0.02604139759191306,0.032789432103778444,0.06240748421319653,-0.062276483009584584,-0.062193024731006775,0.03220209062795451,0.025792646514873323,0.03633898184805072,-0.019910498497719094,0.03260910099061766,0.04352792695360456,0.04166161432366028,0.0,-0.0479684082882116
2017-09-06,0.06516609663940258,0.060919229914911645,0.04267742476176536,0.0,-0.013989463419211876,0.0012891088294248792,-0.04808407232088521,0.0003236922232534206,0.06008996967164604,0.03544870128511236,0.04871453016158995,-0.01001725488091476,0.00639540064132045,0.03214262307250655,0.03428884990562505,0.019845701184830825,0.0244459002326426,0.03161724824963268,0.06287400603197735,-0.06287351469063972,-0.06287267098188926,0.03464544319037134,0.02861996413043525,0.04066159754962839,-0.015324388495614016,0.03263933339096091,0.04000267777112619,0.03747006501748859,0.0,-0.04656107135519276
2017-09-07,0.06867561136638368,0.06509168656831214,0.04379548628133305,0.0,-0.011508904613673428,0.0,-0.05052865478346114,0.0,0.06250632979701343,0.032178779532923384,0.050694588574783074,-0.011601367453497567,0.0008120366368633071,0.03896735525816262,0.03207211118767713,0.020845837657884538,0.025072103343470795,0.02790749040465776,0.06465720331159645,-0.06465666241877334,-0.0646557409034058,0.03382800468440769,0.029991055164208885,0.03955461826417642,-0.015103888719509975,0.02735404414038187,0.03915603412818245,0.03397069723632319,0.0,-0.04481370756893691
2017-09-08,0.06895344311788054,0.06563812875553812,0.04247473508077374,0.0,-0.017415483678853483,0.004280823622567146,-0.050658813458062814,0.0,0.05639924545662191,0.031074273674764025,0.04694455592540407,-0.017437987076399535,0.0,0.044993121909860614,0.028408481660008443,0.02525271096876448,0.02638548151730401,0.026889739655110118,0.06414504235512367,-0.06414450710401605,-0.06414496928268837,0.028198487021268016,0.02138397848010943,0.03585640190755954,-0.021099163909985875,0.025047319231838436,0.040765135735369794,0.03659857379926456,0.0,-0.04540939561486325
2017-09-11,0.06790682459611891,0.059579724317484324,0.04586708263559135,0.0,-0.027851206671294683,0.01677307551309719,-0.0483440142409781,0.0,0.051197930441100326,0.028444312348180952,0.04778894600912507,-0.023342371800254915,0.0,0.0376423136167663,0.025277947668081162,0.030429897693408793,0.032804642922260756,0.025450705992706834,0.06315785390944792,-0.06315685011250302,-0.06315779520237069,0.025388290264251413,0.01661596333284954,0.03271024143213102,-0.023666303733399525,0.023489593382147907,0.03896390895021301,0.03476088072851326,0.0062893195642568615,-0.03994200292146618
2017-09-12,0.06099497455996455,0.057254824572398146,0.04337237389940656,0.0037399807479465193,-0.019351347334434835,0.011586494960083772,-0.04462169742921518,0.007221377673169552,0.05455940918737788,0.03754521546774831,0.047608129535924,-0.020563342869211375,0.007188636004473303,0.03611376480761209,0.034628727111856314,0.02968962160098946,0.025857634974263518,0.027854870918016524,0.05567333935637166,-0.055672272570441425,-0.055672564406944895,0.03225741401771695,0.030071930947025375,0.03589708220889339,-0.01753588882194532,0.028484525010191587,0.03850366985522324,0.04132407118634045,0.0,-0.039154817964813855
2017-09-13,0.059110182581525075,0.05736131457817485,0.04257261852180664,0.01058947563960159,-0.01510504644072173,0.011271739724664488,-0.04560226349988508,0.008786127054212448,0.05287748178987408,0.0371948818840418,0.046873089465496155,-0.024170834278159553,0.014539457245163472,0.04192514716869399,0.03428425548079979,0.030028701882402486,0.025976130407316705,0.02518050196399533,0.052474611413853046,-0.05247352239026921,-0.05247381338876757,0.031490878338196894,0.029470477890802496,0.03483228862116819,-0.018287328996904984,0.025287278222954467,0.038295344302442455,0.041480659163051374,0.0013332509593830962,-0.03865129670567107
2017-09-14,0.04699379200708544,0.05192063530964861,0.03724456344578453,0.024833246212383697,-0.02325057458101983,0.021083054830189806,-0.03758491248958708,0.02358970560577595,0.04698912980257447,0.038077279759258814,0.0422370888760815,-0.027268773359617682,0.02350562153816801,0.04281594794496723,0.036932349117366835,0.033347725731086256,0.023096743407786866,0.026653761117656254,0.04007667324718558,-0.04007589870919296,-0.040076104348039425,0.03179845199109972,0.03432228096633252,0.031623005029930776,-0.02528239089251891,0.026577835536307208,0.03553828511617166,0.0389897254355555,0.013229118304934902,-0.03498532528669166
2017-09-15,0.044850079374492646,0.05339707222417284,0.03605707945261843,0.022374371534975058,-0.019673258438844755,0.017454909902968496,-0.03541159642895271,0.02385016145405707,0.051356598106359806,0.042052588424480564,0.04326881284886945,-0.02480630362856794,0.024408124224210577,0.04569491519913678,0.04134959907477129,0.030633845186606192,0.01996886468891966,0.02812686345739583,0.03574381956302726,-0.035742977546015166,-0.03574423358744111,0.03690687144367195,0.03846260398327704,0.03665247936807767,-0.02347607579213989,0.029642607312547226,0.036397572856885385,0.04109128233314434,0.009834637994962205,-0.03556979456841055
2017-09-18,0.042834910419337846,0.05327147826456864,0.033508484659234276,0.0254750321725711,-0.01616050360215456,0.013242207814201113,-0.033151101891451464,0.02862182462219516,0.050511136845702874,0.04389309677445391,0.042112710086357745,-0.02235384632442745,0.027602255892567793,0.047160371259027015,0.04626989057057318,0.027239735749855463,0.015333968009003775,0.02942626002911419,0.03544205061196758,-0.03544121397665958,-0.035442887417042344,0.04263749013021571,0.043487744979503494,0.041759813466054445,-0.020647778656131818,0.034460062472555335,0.033056090320962725,0.03824848075915899,0.00606368022792039,-0.03514389199503009
2017-09-19,0.050124088790764965,0.051013331388774695,0.036774460505570344,0.015183556788972647,-0.020229623478711944,0.013639515802629001,-0.040753467576768634,0.016536835040576302,0.04853963679151727,0.04126718936283526,0.04406070010373329,-0.028141536137573527,0.022031006047422055,0.04356542184175358,0.04187519457294586,0.026089831861806474,0.019841276788073875,0.0250858424951269,0.04608654363450797,-0.04608401418298423,-0.04608603716942332,0.0349786507831888,0.0323660696641767,0.033611710630838544,-0.025600921297178836,0.027736995216805737,0.03469398282933371,0.038849291844107785,0.01129872121814205,-0.03785454615375587
2017-09-20,0.0454010985613288,0.04933129614506418,0.035925133455896256,0.020551412942544117,-0.02196006963362067,0.015109830220897569,-0.03635983650159038,0.023851796941757795,0.048085050450879484,0.041912978679540004,0.04293730072885033,-0.024205956582850265,0.023298801332771103,0.03920141730619895,0.04242355623007191,0.02742547832970496,0.018726588291765957,0.03090455630031067,0.04052468365053027,-0.04052125968351503,-0.04052396942406293,0.03695323477214376,0.037432493640242474,0.038698550972208035,-0.02297679396698238,0.03422242462485376,0.035270773924830925,0.038548663822255275,0.00866732855196015,-0.03804766433077138
2017-09-21,0.04371826719200955,0.049681998198569194,0.034184380315134995,0.025219760333594674,-0.01872080204088361,0.011979678078448196,-0.03682770672070862,0.029539031919048508,0.04956137285707832,0.043115754231348495,0.04302613044283999,-0.023052626536691906,0.02315220613085299,0.04272555924370948,0.04380699974621943,0.025863937709290533,0.016418256647682164,0.030107103660496164,0.03956634778821948,-0.03956290040207141,-0.03956545076330701,0.03853484695040724,0.042318639926012744,0.04029909084499538,-0.021212082878777388,0.03498217427533077,0.03291268836859158,0.03718967665116064,0.006771365049098433,-0.036383164097420845
2017-09-22,0.04216761668301802,0.05171599511840528,0.031259951985712124,0.022454469223997832,-0.023083953306409666,0.011604965283077187,-0.03848031757063461,0.02819182372876423,0.048232317777642475,0.042607181771221095,0.04077739391337374,-0.024957829942884455,0.020625512341443844,0.037886164170107574,0.0432752916068491,0.025665800777831774,0.015308720549632303,0.02950549427214644,0.04186373181611067,-0.041860488805812855,-0.041863579695067016,0.03905794831924088,0.043507810492498473,0.04304360658138341,-0.02066671804644549,0.035155587448600006,0.03185518971754838,0.03746944477158935,0.006643664439289617,-0.03921142984326183
2017-09-25,0.04446686756777699,0.05196311338056543,0.034280464771148544,0.01648863106227249,-0.02947798917498057,0.020749793984272735,-0.04145639409811581,0.019067826379665895,0.043703259205095726,0.038256479405034204,0.04120028936955248,-0.03239159935805099,0.013023835196889759,0.041029960991751935,0.03645911025080898,0.032114739521518804,0.022597859683479816,0.028778572059432402,0.042406427846814095,-0.04240282386740729,-0.04240577945164572,0.03151977914168853,0.03199000262108399,0.03573888568165636,-0.026729927746065474,0.031996497854025835,0.034222645236940685,0.037106118072823845,0.01744549971653235,-0.038528827302902406
2017-09-26,0.041433527852977305,0.049234314884944494,0.03574338010279799,0.02000712188877049,-0.028259303402575316,0.02035092301170701,-0.039750821428454576,0.02181716197850275,0.045924774408643905,0.04012985282944383,0.04230974415494023,-0.03150099107706989,0.016623602996673748,0.044815586254277597,0.03864666252517971,0.03059945240173401,0.022982084583615347,0.031129330226633015,0.037261856623683164,-0.037258468019901,-0.03726124792063497,0.03300237971786602,0.032741294092744615,0.03719583505216983,-0.025777818795402342,0.03421660773999998,0.033404785218040065,0.03774784609414973,0.017665201464856135,-0.035208023251611084
2017-09-27,0.04324179435347884,0.05698540822897386,0.03398206236081659,0.009466873569121287,-0.02631746306299327,0.017745966426608504,-0.04294621769829412,0.015270555205521315,0.05101899537581728,0.03678532466636603,0.04378127305641084,-0.03670497132369819,0.009947289081835169,0.060282370287623205,0.0359931129429226,0.03578285975473505,0.02023226166727898,0.02671555987884136,0.040278637449546455,-0.04027287993529134,-0.04027647126777425,0.0316720843385368,0.033032446609858775,0.03776255437548112,-0.026059319453144793,0.03191143893574537,0.029688375516436022,0.03530177294044686,0.015015045465359818,-0.03552861477104182
2017-09-28,0.045600452785115944,0.04903781057218969,0.03735393117689117,0.004869466114475753,-0.03485111695851994,0.02431636105349082,-0.04307800671170574,0.00786486792964598,0.044941127253331895,0.03627874849863856,0.04236776901686248,-0.037200066704400965,0.009467663609672475,0.04913743044493467,0.03222014369022579,0.03438371911805529,0.028289725385673686,0.030580649593219704,0.0426058126260915,-0.042600987255068785,-0.04260399696458542,0.02658559773147972,0.02161165969496911,0.03384535465522455,-0.0317701900604643,0.03261320202704691,0.03493855015496626,0.038144723346764504,0.023112296341243774,-0.03772857252504479
2017-09-29,0.050843237064154244,0.047398360582338664,0.03994801692612935,0.0,-0.035703753685863204,0.023635753192260273,-0.04333706327911697,0.0011924936260744455,0.04333763194582199,0.03722277437425813,0.04276552790387661,-0.0357920553633662,0.00899891426883507,0.0495484284109915,0.03118131274682487,0.0331661220766908,0.031224844459209564,0.032313907738427544,0.044722663191629965,-0.04471722602803124,-0.044720617471663955,0.023928047022537827,0.015821713724007175,0.029369998641176825,-0.03278544824027089,0.03233097358491375,0.03881497131651079,0.04227560279468449,0.02433681014011468,-0.03856573020021916
2017-10-09,0.0489003357288599,0.0511188377100078,0.037688351363518356,0.004254874748964754,-0.03925519316388831,0.019361219975241983,-0.04340067567457517,0.006946765698906237,0.04549934878124524,0.03749471256744134,0.04276687217524324,-0.03211955896484452,0.009520145300862825,0.05132952691219586,0.03370726579735847,0.033563667019780974,0.027148845748723716,0.029725851550661007,0.043911753034125686,-0.04390539857861935,-0.043909363684129406,0.025572948584811506,0.02061962069446459,0.0309555216232684,-0.031106952492427148,0.03360493338779941,0.03590479677614047,0.04087100558642809,0.016322810887603782,-0.039512845787862315
2017-10-10,0.05075469081697042,0.04865606777588738,0.036637507097864556,0.01167691779754327,-0.042577221622975905,0.02391599376831328,-0.03989144823933522,0.012765715149079884,0.04449447776966315,0.03408974309675611,0.042832173402482895,-0.031310030687824744,0.013023291555284453,0.039413193521509765,0.03182099159963319,0.035437800698810265,0.0263386885531528,0.028311406642141414,0.04674419872299893,-0.04673926374895634,-0.04674234292752363,0.025483381415015657,0.02264090972629134,0.030448625765535666,-0.02993406801383363,0.0340537901423536,0.03201800220673511,0.03601549599853144,0.01822457620722216,-0.03700798532977364
2017-10-11,0.05119253958060986,0.04538393286332582,0.03946368786066106,0.008674021979147642,-0.04566413538838802,0.029711148115297886,-0.04306063072796845,0.008692152704641676,0.04004105161916828,0.032132282326275415,0.04285291589280281,-0.03726454439683612,0.008227010790567235,0.031121054990944162,0.02845267994591599,0.03953064587776931,0.030765708833316825,0.028752480822828566,0.04871682678175927,-0.04871193130049911,-0.04871514883778267,0.020332755713306814,0.01768510104306394,0.026132905498306845,-0.033012484847558414,0.031905562741445195,0.03370987896542923,0.03643971586784856,0.024889210865727353,-0.03876585282080752
2017-10-12,0.048630310776781815,0.04004842847138087,0.03889771699541348,0.015940885864461313,-0.043599928370215056,0.03173044810739282,-0.041167074573244665,0.013882004907512192,0.03500157926125661,0.033900197835481205,0.04009634254896729,-0.03793376545737814,0.011529521054309174,0.025236906528762277,0.029639666154685277,0.03839501996154706,0.03257973798767295,0.03179320037206066,0.04627690747767355,-0.046272772046533496,-0.0462754911310787,0.018369383782127217,0.018630624558694908,0.02585526584189458,-0.032330113142470765,0.03320533739714819,0.0359292114177728,0.03778101472069232,0.02922677154091848,-0.039844371714472214
2017-10-13,0.04770757175359442,0.0368948385523239,0.03915963906243734,0.023239815368303558,-0.04401016083106847,0.03152800516242735,-0.040963152993714835,0.020121947901899452,0.03367797133686817,0.03351520635984689,0.03998712083730708,-0.035934349226317476,0.01000791587168341,0.02430538413259387,0.02969542246974449,0.03738236152479205,0.03351914492476893,0.03189271551885195,0.045300003204297404,-0.04529680169825022,-0.04529901665056352,0.01783424488444499,0.022002547292282792,0.02637715396629888,-0.0329299420625081,0.03337241738862946,0.03439252440927936,0.036603828953436744,0.028566071846436468,-0.03848272381502857
2017-10-16,0.04852722114592733,0.03889934879540181,0.038887684783932154,0.021889168145931545,-0.04254352280979119,0.029772938788737106,-0.04061169623349085,0.019655445836959055,0.034134652501138,0.03478320087583024,0.039603832928442495,-0.03512599712664983,0.011498854726758122,0.02836319226634127,0.030222723006113315,0.037277518084925604,0.032171518114084856,0.031676077437998856,0.04533930739581085,-0.045335389177101594,-0.04533809643175268,0.018100966162390864,0.025074088817939665,0.027129884658404553,-0.029405874483887914,0.03418613978054936,0.033349122196760436,0.03727592726317455,0.026557477920484955,-0.03726313210328903
2017-10-17,0.050638237370117495,0.03854746366816887,0.0400960190248576,0.02032441446340973,-0.04392044708636309,0.02691157223486645,-0.0431912033949131,0.020386032203490206,0.03547066088855841,0.032998398927586756,0.04270316689396883,-0.03339973154539731,0.008138895997228827,0.03011780546460465,0.030098988663803557,0.0361791327931211,0.031546799709631486,0.02926359582419662,0.04895763813544868,-0.048952619761228895,-0.048956084259536334,0.016279003054597625,0.03299832499225201,0.025506263183198916,-0.024112325510658512,0.0347015365651882,0.030114129948970073,0.03491605792223128,0.023212685091655305,-0.03736076542075019
2017-10-18,0.05330222953432526,0.04152299794052301,0.04032651693658264,0.02067569116048743,-0.051690005453751964,0.02660000795510658,-0.043925961381089805,0.02305920058207912,0.033453960621097074,0.03132555561785494,0.04356469227381934,-0.034352724354992266,0.004572511423769986,0.033885799622828984,0.0284058022746304,0.03800995569673912,0.030599490804042496,0.02571456359413236,0.050006400913245236,-0.04999971296515832,-0.050004328561210586,0.011092521486993679,0.04207681178519435,0.020639824543579557,-0.021562571477781737,0.034663118358208386,0.02535056108274086,0.03269990684231148,0.02175659039590643,-0.03515998435981669
2017-10-19,0.050027373668520746,0.04055702374894921,0.03996264811699809,0.02044766179009642,-0.04939823245616005,0.030994935415273695,-0.04265286303805431,0.02110234959264288,0.032095967208387505,0.03161825787551245,0.04150563269996707,-0.03602352809299953,0.008031726520005241,0.03768876994579501,0.027898183253671674,0.040227770795963534,0.03349062951876642,0.027242469463229925,0.04633082169493922,-0.046325428391756275,-0.04632943155718082,0.011803161140676428,0.03250343004416578,0.020219795233630627,-0.027387792676933854,0.03287573477113567,0.028735095149411388,0.03388209748207957,0.027246640845505696,-0.035394547811591105
2017-10-20,0.05266976571466547,0.040418395303811507,0.041031130511819856,0.015218775202517501,-0.053037215286781125,0.033045301950393464,-0.046667053159822856,0.015224648791474659,0.029538091700958544,0.030639303048170904,0.04287754481809594,-0.041367605709407305,0.002832238952926038,0.04330070277000157,0.02560890096266175,0.04442297774295813,0.03425688102943783,0.025003841610785203,0.048665123735115536,-0.04865965378243431,-0.04866347796091587,0.005346885157752883,0.028531612968007353,0.015510982668689525,-0.03026240461438779,0.030257750263074694,0.02690668570532855,0.03356201343966208,0.031040822776620177,-0.03543221266132147
2017-10-23,0.050986532117703716,0.041740164943405114,0.03856373240495671,0.013094873109582543,-0.04885606729949822,0.033930733308959654,-0.04706863139666022,0.013826613593512447,0.030190085698037813,0.030742657504158017,0.04194598725309994,-0.04814762546803898,0.0,0.0526062060899826,0.024896972466441274,0.0460978323668614,0.03162337490018408,0.024833109605711893,0.047229585577273255,-0.04722345177015381,-0.04722774004289928,0.002783906019933246,0.028572988100976065,0.014999463133331134,-0.029749378222349625,0.030120438445274737,0.025856944843636046,0.034098257435987114,0.0375831341125961,-0.03540351276879484
2017-10-24,0.052928201428182775,0.039406253529591234,0.04160996230055569,0.012924791749589373,-0.05331944210183971,0.03218495558536446,-0.04501153788846755,0.010194879760071418,0.027322623897733513,0.035353970004066,0.043427676011971415,-0.0406184624562946,0.006553009411476067,0.0360604538843993,0.027127769433050317,0.041565038037335154,0.03473255489981472,0.030133239456028506,0.04839022164618629,-0.0483845583724106,-0.04838851745877434,0.004322458355095674,0.01994089152949524,0.015392275074027224,-0.02717421912552005,0.03187698286496488,0.03351190913841347,0.04172805434421858,0.032099948343309745,-0.0383151419117521
2017-10-25,0.06179394731831069,0.04360230172363984,0.04082587300055185,0.0035787325503439213,-0.059550687930644705,0.039301349846824624,-0.04758611794900764,0.0005571612857068872,0.024901191894859454,0.027093439491484923,0.04320782467593871,-0.047981618272120496,0.0,0.040445433598142344,0.01772738408248543,0.046068785766816576,0.03492485728137831,0.023372540487283086,0.05914041136510406,-0.059137046439550964,-0.05914117188131184,0.0,0.00994869055674987,0.00943318761057023,-0.034357290517582864,0.026176689037508395,0.027978649439011856,0.035111834727101145,0.043246743601742126,-0.03380903766822709
2017-10-26,0.06457698719479908,0.05009473317348471,0.03367607809554014,0.0027031649689652024,-0.0670679663188674,0.041634154551714556,-0.04434501905965185,0.00424581344072603,0.023754268058192363,0.022170068649968778,0.04176516049615393,-0.05544196771159436,0.0,0.04713456264344408,0.014511669956075638,0.049864840132896444,0.025077866713905415,0.01536866770217234,0.06441946055587232,-0.06441542847718089,-0.06442036929682105,0.0,0.019562771227571177,0.005058163815104388,-0.03704398379450941,0.02029132942130575,0.01923370027501752,0.028225051435356134,0.046460888592102505,-0.02743586424100635
2017-10-27,0.08012604128030724,0.05748354608658795,0.022252630543281127,0.0,-0.06935893943649464,0.04394605667320367,-0.03850389792225394,0.0,0.029755554480083483,0.007815229255984485,0.040207452032426226,-0.06624422740516199,0.0,0.06308914804034862,0.006694418863764984,0.05325353407957962,0.009419443985230824,0.0,0.08643475015255249,-0.08642969671104585,-0.08643588872840183,0.0,0.020906684269884172,0.0006742245249488463,-0.04324899599965801,0.012394469738161744,0.0,0.00799072486106858,0.05406249133921609,-0.013271953590353557
2017-10-30,0.09013148731145999,0.05265128690405421,0.015786334724601208,0.0,-0.0804057569569477,0.04750446762297179,-0.03400562914958254,0.0,0.01736940455143036,0.005798436874807641,0.03210304663841768,-0.0726258825191685,0.0,0.06162344013921331,0.0004068211161398804,0.05411371367322924,0.004870703822057753,0.0,0.09522050962195568,-0.0952145713950796,-0.09522273892052772,0.0,0.007770391337474919,0.0,-0.04378632429167231,0.008818707431175564,0.0,0.011296006865942634,0.06308679059688001,-0.010187547535209581
2017-10-31,0.07680418740160465,0.047860524085774216,0.01895147527526647,0.004620463550450293,-0.0638071061917194,0.044196401732547595,-0.03273307215679203,0.0049913841133142735,0.022546743676647277,0.02057391790575032,0.02907043023240452,-0.06588618673042808,0.0,0.05883324467261182,0.016836833029066977,0.048431272728806006,0.01122266305838928,0.007681630011492703,0.07869570334293256,-0.07869024380540364,-0.07869653163583544,0.0,0.022189682774921886,0.0019770608025938105,-0.042317535910542325,0.019961937528125848,0.004411152411862629,0.023068636545522485,0.058361575250331026,-0.01658240343886257
2017-11-01,0.08702972312481078,0.05032479731018596,0.025782772235200646,0.0,-0.06760406796580688,0.03826974033333443,-0.03913903218375561,0.0,0.02782020943035673,0.012887764267685897,0.03429789604672143,-0.06251300666977909,0.0,0.054038090625990784,0.012027827828221694,0.05051893846873114,0.01675806268795586,0.003044250062665774,0.09165095335852463,-0.09164520608182815,-0.09165182798562198,0.0,0.00437454316709351,0.0,-0.042478903201801504,0.01764618041137427,0.0,0.01643931927570957,0.04782662135999127,-0.014230265916852124
2017-11-02,0.09177970394716418,0.05208865967747343,0.016448248246754983,0.0,-0.06984241352742128,0.040867002876586574,-0.043024346291793275,0.0,0.018924698883619813,0.0,0.03086236188997847,-0.08249936181261387,0.0,0.06478648262660927,0.0,0.06322791824431905,0.009974238066588231,0.0,0.10342381499084005,-0.10341622140225758,-0.10342497625393217,0.0,0.0,0.0,-0.04328552368207333,0.0005075684196102631,0.0,0.0013102401524794985,0.05478861917407119,-0.005517599833813479
2017-11-03,0.09669573065821264,0.05305591765230279,0.020329698371056974,0.0,-0.0667707449503658,0.03909706111337384,-0.04144582496521987,0.0,0.018830345398298882,0.0,0.030904980788125844,-0.07749651091477314,0.0,0.07714897617734366,0.0,0.05587755926017316,0.012596603999494263,0.0,0.10295592287858858,-0.10294767008235249,-0.10295705340213869,0.0,0.0,0.0,-0.046823914460072544,0.0,0.0,0.0,0.05354900172562228,-0.0005164832024844666
2017-11-06,0.08754421558988132,0.052827804864353844,0.028068975363719707,0.0,-0.06275622884451533,0.036209924324754394,-0.04356147631721192,0.0,0.027728997395985312,0.0,0.036713162891746545,-0.0670051260837271,0.0,0.06965810261824748,0.0,0.049367804274300285,0.018684343355453988,0.0,0.09761115921745606,-0.0976066691870243,-0.09761431896002143,0.0,0.0,0.0,-0.04818352994799335,0.00907326751221072,0.0,0.009902070638758627,0.04692559292861894,-0.012957229684019434
2017-11-07,0.0652982049587033,0.05544222948696687,0.03234190156265064,0.0,-0.053825548931110724,0.04335116768882489,-0.04529924040405117,0.0,0.03388391750001192,0.008630829069226837,0.038881457404854096,-0.06724679741994484,0.0,0.07233950159527729,0.005289092741532314,0.05418306594844788,0.027252542808264082,0.010766960995313287,0.07158941000243728,-0.07158630100021963,-0.07159159121159671,0.0,0.0,0.000409944792060929,-0.05330915503306152,0.01647247045829863,0.012326052631570782,0.017398884739891467,0.05044316504353428,-0.020840566572148757
2017-11-08,0.075234317380301,0.055482718082006735,0.023852267427306985,0.0,-0.05795855701027701,0.04568403419436943,-0.045376112409929975,0.0,0.021526714379057545,0.0,0.03210009480599629,-0.08131448343582837,0.0,0.09002509985878496,0.0,0.059543024687043054,0.01963279793776089,0.0,0.08673851070246347,-0.08673697555612829,-0.08673971608832487,0.0,0.0,0.0,-0.06394585333402213,0.0,0.0,0.0024650462996990466,0.06023774526535125,-0.005405931145348557
2017-11-09,0.07205088614892885,0.04959465838069373,0.0044137895655985675,-0.0,-0.058386590950074126,0.05582012842729062,-0.03965310027548506,-0.0,0.0,0.0,0.011265763326417683,-0.10341377070019094,-0.0,0.10007784879781786,0.0,0.06670623182300699,0.009954096407583825,0.0,0.08875975491176936,-0.08875788456461085,-0.0887612115216349,-0.0,0.0,0.0,-0.08030554113840367,0.0,0.0,0.0,0.08207874306049288,-0.0
2017-11-10,0.07950083946333542,0.044509134389483354,0.0,-0.0,-0.05814826659003637,0.04611491858239019,-0.04010392776972465,-0.0,0.0,0.0,0.0054405137145548755,-0.10714485986840314,-0.0,0.10368820047638852,0.0,0.06107987066005456,0.00300295805348156,0.0,0.10252346337451314,-0.10252125156667073,-0.10252518462189791,-0.0,0.0,0.0,-0.07081059978479577,0.0,0.0,0.0,0.07288601108426977,-0.0
2017-11-13,0.07662019381691411,0.0468767545227132,0.008541710068317965,-0.0,-0.05589361401960906,0.05600997253389338,-0.03998427939848255,-0.0,0.0,0.0,0.012098373483732173,-0.10165682351775795,-0.0,0.10248962955075207,0.0,0.06813451954172185,0.013645400243591375,0.0,0.09000845234345758,-0.09000654962362185,-0.09000992858815009,0.0,0.0,0.0,-0.07105205177063702,0.0,0.0,0.0,0.07697174697664769,-0.0
2017-11-14,0.07002069473967805,0.04913604308941628,0.026028866018758836,-0.0,-0.050386164397080435,0.058559038870992765,-0.04645037516550699,-0.0,0.013122129543233293,0.0,0.02662401561581999,-0.08982613674405926,-0.0,0.09355155722238453,0.0,0.06765933926520591,0.028844338788924836,0.0,0.07755925489378951,-0.07755888945138968,-0.07756115206393141,0.0,0.0,0.0,-0.0678481429894317,0.0,0.0003235953491265043,0.0,0.07035097377784423,-0.008589292013425865
2017-11-15,0.07061816136589459,0.04083944592872968,0.01044497596626583,-0.0,-0.04058950366334447,0.05896614308002004,-0.04348661052544509,-0.0,0.0,0.0,0.009409361855960292,-0.10483000113133178,-0.0,0.11993618694021001,0.0,0.0704868983992489,0.02168437401581064,0.0,0.08521044972762927,-0.08521201990129353,-0.08521326582138176,-0.0,-0.0,0.0,-0.06903327737250069,0.0,0.0,0.0,0.08403932430493338,-0.0
2017-11-16,0.07408914713268598,0.025442851121375343,0.0,-0.0,-0.028740551951878798,0.042364740173577844,-0.037230664428495305,-0.0,0.0,-0.0,0.0,-0.12317690039658515,-0.0018128943293231822,0.14201205120820556,-0.0,0.0650930134719087,0.0,0.0,0.10470359503583056,-0.10470597241964454,-0.10470785732747252,-0.0,-0.0,0.0,-0.06467169425853783,0.0,0.0,0.0,0.08124806674447874,-0.0
2017-11-17,0.05775487454849094,0.0,0.0,-0.0,-0.023514777865934585,0.0429325586474036,-0.006463667363049244,-0.0,0.0,-0.0,0.0,-0.15447565485034404,-0.029976726168749142,0.1799955327825617,-0.0,0.06203422449685329,0.0,0.0,0.09186648378027498,-0.0918699213536121,-0.09187268148340026,-0.0,-0.0,-0.0,-0.056843573709633985,0.0,0.0,-0.0,0.11039932294969212,-0.0
2017-11-20,0.014626372489024162,0.0,0.0,-0.022608575618537657,-0.0,0.0,-0.0,-0.016528282679665583,0.0,-0.0,0.0,-0.18124533272181217,-0.10275436598103886,0.25721988608530355,-0.0,0.02049372767701633,0.0,-0.0,0.07964759185088822,-0.07965289981239006,-0.07965707656083866,-0.0,-0.0,-0.0,-0.030810008799461608,-0.0,-0.0,-0.0,0.11475587972402303,0.0
2017-11-21,0.0,0.0,0.0,-0.0635019181965287,-0.0,0.0,-0.0,-0.04755718117553086,-0.0,-0.0,0.0,-0.18393851229018213,-0.132177806335953,0.2890764907445988,-0.0,0.0,0.0,-0.0,0.05626266501484897,-0.05626988650047725,-0.056275543115236575,-0.009642700023987325,-0.0,-0.0,-0.0,-0.0,-0.0,-0.0,0.10529729660265641,0.0
2017-11-22,0.005835226867694513,0.0,0.0,-0.0,-0.0,0.003773971818539418,-0.0,-0.0,0.0,-0.0,0.0,-0.2039601922673904,-0.015556652124302234,0.2981749317084643,-0.0,0.02633759485333786,0.0,-0.0,0.08610053476526928,-0.08610641029312789,-0.08610814148452509,-0.0,-0.0,-0.0,-0.048582185018047876,-0.0,0.0,-0.0,0.1394641587993011,-0.0
2017-11-23,0.027798179042600533,0.0,0.0,-0.0,-0.0,0.0,-0.0,-0.0,0.0,-0.0,0.0,-0.18732152864585763,-0.0,0.32227785490798416,-0.0,0.01554280049826148,0.0,-0.0,0.09388885927673979,-0.09389330044761124,-0.09389476436221945,-0.0,-0.0,-0.0,-0.04731595018931593,-0.0,-0.0,-0.0,0.11806676262940981,0.0
2017-11-24,0.0,0.0,0.0,-0.0,-0.0,0.0,-0.0,-0.0,0.0,-0.0,0.0,-0.2624306493154797,-0.0,0.44605990350718216,-0.0,0.0,0.0,-0.0,0.06970948294432013,-0.0697356634683476,-0.06974032559129739,-0.0,0.0,-0.0,-0.0,-0.0,-0.0,-0.0,0.08232397517337313,0.0
2017-11-27,0.0,0.0,0.0,-0.0,-0.01955575010210832,0.0,-0.0,-0.0,0.0,-0.0,0.0,-0.21837728867403894,-0.0,0.3628476515839687,-0.0,0.0,0.0,-0.0,0.08451111785001371,-0.08453067837582097,-0.08453417326259748,-0.0,0.0,-0.0,-0.04047963965909104,-0.0,-0.0,-0.0,0.1051637004923609,-0.0
2017-11-28,0.0,0.0,0.0,-0.0,-0.0,0.0,-0.0,-0.0,0.0,-0.0,0.0,-0.2792020280003829,-0.0,0.638084247406951,-0.0,0.0,0.0,-0.0,0.0,-0.0,-0.0,-0.0,0.0,-0.0,-0.024887210873733166,-0.0,-0.0,-0.0,0.05782651371893288,0.0
2017-11-29,0.0,0.02576758113705778,0.0,-0.0,-0.0,0.0,-0.0,0.0,0.0,-0.0,0.0,-0.2653499591858366,-0.0,0.6557705945250965,-0.0,0.025580819773120732,0.0,-0.0,0.0,-0.0,-0.0,-0.0,0.0,-0.0,-0.027531045378888418,-0.0,-0.0,-0.0,0.0,0.0
2017-11-30,0.0,0.04873719741075678,0.0,0.0,-0.0,0.0,-0.0,0.0,0.0,-0.0,0.0,-0.23591918778396664,0.0,0.553643089205935,0.0,0.054703470844643255,0.0,-0.0,0.0,-0.0,-0.0,0.0,0.0,0.0,-0.0564263000076986,0.0,-0.0,-0.0,0.05057075474699966,-0.0
2017-12-01,0.0,0.020566922036214016,0.0,-0.0,-0.0,0.0,-0.0,0.0,0.0,-0.0,0.0,-0.23928397876584417,-0.0,0.5835142197829729,0.0,0.05199003138840601,0.0,-0.0,0.0,-0.0,-0.0,0.0,0.0,0.0,-0.053045848566190844,0.0,-0.0,-0.0,0.05159899946037201,-0.0
2017-12-04,0.0,0.021828231223939506,0.0,-0.0,-0.0,0.0,-0.0,-0.0,0.0,-0.0,0.0,-0.21589096019506443,-0.0,0.5657703465543219,-0.0,0.05394382031846179,0.0,-0.0,0.02253923587661167,-0.022556931325873886,-0.022561057389915703,-0.0,0.0,0.0,-0.04111667936094321,0.0,-0.0,-0.0,0.03379273775486777,0.0
2017-12-05,0.0,0.04379662469453561,0.0,-0.0,-0.0,0.005186508183894362,-0.0,-0.0,0.0,-0.0,0.0,-0.21827769560581467,-0.0,0.5144904701013269,-0.0,0.08233146931263223,0.0,-0.0,0.0,-0.0,-0.0,0.0,0.0,0.0,-0.06847189964379993,0.0,-0.0,-0.0,0.06744533245799644,-0.0
2017-12-06,0.0,0.034666308983783915,0.0,-0.0,-0.0,0.008219969963003454,-0.0,-0.0,0.0,-0.0,0.0,-0.22762242829967658,-0.0,0.5023580839159234,-0.0,0.07628531171696423,0.0,-0.0,0.0,-0.0,-0.0,0.0,0.0,0.0,-0.06618557323962963,0.0,-0.0,-0.0,0.08466232388101869,-0.0
2017-12-07,0.0,0.035198316030494545,0.0,-0.0,-0.0,0.05744664646379272,-0.040066719414682275,-0.0,0.0,-0.0,0.0,-0.2152977780310765,-0.0,0.31189084572628917,0.0,0.0957964215168965,0.0,0.0,0.010852990163884964,-0.010863269594785549,-0.010865659890788975,0.0,0.0,0.0,-0.09676314079329362,0.0,-0.0,-0.0,0.11495821237401518,-0.0
2017-12-08,0.0,0.02715682563388675,0.0,-0.0,-0.0009914576199862035,0.08013858582522002,-0.06088437312846644,-0.0,0.0,0.0,0.0,-0.20178042758087453,-0.0,0.26088252873366957,0.0,0.09970936080885782,0.0,0.0,0.013593310917326034,-0.013601862913834578,-0.013596185211539394,0.0,0.0,0.0,-0.09830589971633924,0.0,0.0,0.0,0.12935918190999945,-0.0
2017-12-11,0.0,0.014655209735635642,0.0,-0.0,-0.0,0.050169608346866304,-0.03971503919785826,-0.0,0.0,0.0,0.0,-0.2328063275025013,-0.0,0.3561716835847601,0.0,0.08828189903295784,0.0,0.0,0.0,-0.0,-0.0,0.0,0.0,0.0,-0.09793682429082672,0.0,0.0,-0.0,0.12026340830859394,-0.0
2017-12-12,0.0,0.0,0.0,-0.0,-0.0,0.0,-0.0,-0.0,0.0,-0.0,0.0,-0.2789331776627694,-0.0,0.47421879172125586,0.0,0.03762229840445918,0.0,0.0,0.0,-0.0,-0.0,-0.0,-0.0,0.0,-0.0890376983297671,0.0,0.0,-0.0,0.12018803388174848,-0.0
2017-12-13,0.0,0.0,0.0,-0.0,-0.0,0.0,-0.0,-0.0,0.0,-0.0,0.0,-0.31985749290245263,-0.0,0.6509741967039999,-0.0,0.0,0.0,-0.0,0.0,-0.0,-0.0,-0.0,-0.0,-0.0,-0.0,0.0,-0.0,-0.0,0.02916831039354751,-0.0
2017-12-14,0.0,0.0,0.0,-0.0,-0.0,0.0,-0.0,-0.0,0.0,-0.0,0.0,-0.32719684056542525,-0.0,0.6189098550061317,-0.0,0.0,0.0,0.0,0.0,-0.0,-0.0,-0.0,-0.0,-0.0,-0.0,0.0,-0.0,-0.0,0.053893304428442965,-0.0
2017-12-15,0.0,0.0,0.0,-0.0,-0.0,0.0,-0.0,-0.0,0.0,-0.0,0.0,-0.3695250540318111,-0.0,0.563011250657158,-0.0,0.0,0.0,0.0,0.0,-0.0,-0.0,-0.0,-0.0,0.0,-0.0,0.0,0.0,-0.0,0.06746369531103091,-0.0
2017-12-18,0.0,0.0,0.0,-0.0,-0.0,0.0,-0.0,-0.0,0.0,-0.0,0.0,-0.35601797224118004,-0.0,0.5057967957085304,-0.0,0.018147905880957375,0.0,0.0,0.0,-0.0,-0.0,-0.0,-0.0,-0.0,-0.0,0.0,0.0,-0.0,0.12003732616933217,-0.0
2017-12-19,0.0,0.0,0.0,-0.0,-0.0,0.0,-0.0,-0.0,0.0,-0.0,0.0,-0.3160375852494568,-0.0,0.6442342030778119,-0.0,0.0,0.0,0.0,0.0,-0.0,-0.0,-0.0,-0.0,-0.0,-0.0,0.0,-0.0,-0.0,0.0397282116727314,-0.0
2017-12-20,0.0,0.0,0.0,-0.025683050538738997,-0.0,0.0,-0.0,-0.046473583251021425,-0.0,-0.0,0.0,-0.3261148940778216,-0.0,0.5252458588493684,-0.0,0.0,0.0,-0.0,0.0,-0.0,-0.0,-0.0,-0.0,-0.0,-0.0,-0.0,-0.0,-0.0,0.07648261328304955,0.0
2017-12-21,0.0,0.0,0.0,-0.07631162965303391,-0.0,0.0,-0.0,-0.11953336491698677,-0.0,-0.0,0.0,-0.27072532744596195,-0.0,0.4214998983695874,-0.0,0.0,0.0,-0.0,0.0,-0.0,-0.0,-0.0,-0.0,-0.0,-0.0,-0.0,-0.0,-0.0,0.11192977961442994,0.0
2017-12-22,0.0,0.0,0.0,-0.20876920553331962,-0.0,0.0,-0.0,-0.22545529114761972,-0.0,-0.0,-0.0,-0.1237835905924853,-0.0,0.26579267093455616,-0.0,0.0,0.0,-0.0,0.0,-0.0,-0.0,-0.0,-0.12462691138618949,-0.0,-0.0,-0.0,-0.0,-0.0,0.051572330405829675,0.0
2017-12-25,-0.0,-0.0,-0.0,-0.22988886688752164,-0.0,0.0,-0.0,-0.2533286087631796,-0.0,-0.0,-0.0,-0.07522163850418688,-0.0,0.39985524907344455,-0.0,0.0,0.0,-0.0,0.0,-0.0,-0.0,-0.0,-0.04170563677166735,-0.0,-0.0,-0.0,-0.0,-0.0,0.0,0.0
2017-12-26,0.0,0.0,-0.0,-0.0,-0.0,0.0,-0.0,-0.0,-0.0,-0.0,-0.0,-0.01145199446046925,-0.0,0.9885480055395307,-0.0,0.0,0.0,-0.0,0.0,-0.0,-0.0,-0.0,-0.0,-0.0,-0.0,-0.0,-0.0,-0.0,0.0,0.0
2017-12-27,0.0,0.0,0.0,-0.0,-0.0,0.0,-0.0,-0.0,-0.0,-0.0,0.0,-0.24592440257457052,-0.0,0.7540755974254295,-0.0,0.0,0.0,-0.0,0.0,-0.0,-0.0,-0.0,-0.0,-0.0,-0.0,0.0,-0.0,-0.0,0.0,0.0
2017-12-28,0.0,0.0,-0.0,-0.0,-0.0,0.0,-0.0,-0.0,-0.0,-0.0,-0.0,-0.14507726602772428,-0.0,0.8549227339722757,-0.0,0.0,0.0,-0.0,0.0,-0.0,-0.0,-0.0,-0.0,-0.0,-0.0,-0.0,-0.0,-0.0,0.0,0.0
2017-12-29,-0.0,0.0,-0.0,-0.0,-0.0,0.0,-0.0,-0.0,-0.0,-0.0,-0.0,-0.12654438027866466,-0.0,0.8734556197213353,-0.0,0.0,0.0,-0.0,0.0,-0.0,-0.0,-0.0,-0.0,-0.0,-0.0,-0.0,-0.0,-0.0,0.0,0.0
2018-01-02,0.0,0.0,0.0,-0.0,-0.0,0.0,-0.0,-0.0,-0.0,-0.0,-0.0,-0.3514995853807964,-0.0,0.6439133294802687,-0.0,0.0,0.0,0.0,0.0,-0.0,-0.0,-0.0,-0.0,-0.0,-0.0,0.0,0.0,-0.0,0.0045870851389348925,0.0
2018-01-03,-0.0,-0.0,-0.0,-0.0,0.0,0.0,-0.0,-0.0,-0.0,-0.0,-0.0,-0.20782617591992059,-0.0,0.7921738240800794,-0.0,0.0,0.0,-0.0,0.0,-0.0,-0.0,-0.0,-0.0,-0.0,-0.0,-0.0,-0.0,-0.0,0.0,0.0
2018-01-04,-0.0,-0.0,-0.0,-0.0,-0.0,0.0,-0.0,-0.0,-0.0,-0.0,-0.0,-0.14693291008982687,-0.0,0.8530670899101731,-0.0,0.0,0.0,0.0,0.0,-0.0,-0.0,-0.0,-0.0,-0.0,-0.0,-0.0,0.0,-0.0,0.0,0.0
2018-01-05,-0.0,-0.0,-0.0,-0.0,-0.0,0.0,-0.0,-0.0,-0.0,-0.0,-0.0,-0.0,-0.0,1.0,-0.0,0.0,0.0,-0.0,-0.0,0.0,0.0,-0.0,-0.0,-0.0,-0.0,-0.0,-0.0,-0.0,0.0,0.0
2018-01-08,-0.0,0.0,-0.0,-0.014267481744099638,-0.0,0.0,-0.0,-0.05217184382005487,-0.0,-0.0,-0.0,-0.2718426261670809,-0.0,0.648320680232375,-0.0,0.0,0.0,-0.0,0.0,-0.0,-0.0,-0.0,-0.0,-0.0,-0.0,-0.0,0.0,-0.0,0.013397368036389617,0.0
2018-01-09,-0.0,0.0,0.0,-0.038245116462247465,-0.0,0.0,-0.0,-0.07592488398556402,-0.0,-0.0,0.0,-0.3342147368465235,-0.0,0.46197561446620067,-0.0,0.0,0.0,0.0,0.0,-0.0,-0.0,-0.0,-0.0,-0.0,-0.0,-0.0,0.0,-0.0,0.08963964823946442,0.0
2018-01-10,0.0,0.0,0.0,-0.0,-0.0,0.0019578350755887703,-0.0,-0.0,0.0,0.0,0.0,-0.38830477218145226,-0.0,0.37671008388320243,0.0,0.0,0.0,0.0,0.0,-0.0,-0.0,-0.0,-0.0,0.0,-0.0,0.0,0.0,0.0,0.23302730885975648,-0.0
2018-01-11,0.0,0.0,0.0,-0.0,-0.0,0.0,-0.0,-0.0,0.0,0.0,0.0,-0.3906303509544077,-0.0,0.3673326560478369,0.0,0.0,0.0,0.0,0.0,-0.0,-0.0,-0.0,-0.0,0.0,-0.0,0.0,0.0,0.0,0.24203699299775544,-0.0
2018-01-12,-0.0,-0.0,-0.0,-0.1953898627492762,-0.0,0.0,-0.0,-0.14282893497226512,-0.0,-0.0,-0.0,-0.2242256324002657,-0.0,0.437555569878193,-0.0,0.0,0.0,0.0,-0.0,0.0,0.0,-0.0,-0.0,-0.0,-0.0,0.0,0.0,-0.0,0.0,0.0
2018-01-15,-0.0,0.0,-0.0,-0.21246325875252522,-0.0,0.0,-0.0,-0.18549934505199636,-0.0,-0.0,-0.0,-0.21985004480199014,-0.02141213888951646,0.3607752125039718,-0.0,0.0,0.0,-0.0,-0.0,0.0,0.0,-0.0,-0.0,-0.0,-0.0,-0.0,-0.0,-0.0,0.0,0.0
2018-01-16,0.0,0.0,0.0,-0.0,-0.0,0.0,-0.0,-0.0,0.0,-0.0,0.0,-0.4475972239469777,-0.0,0.5257464037041398,-0.0,0.0,0.0,0.0,0.0,-0.0,-0.0,-0.0,-0.0,-0.0,-0.0,0.0,0.0,-0.0,0.026656372348882452,-0.0
2018-01-17,0.0,0.0,0.0,-0.0,-0.0,0.0,-0.0,-0.0,0.0,-0.0,0.0,-0.4056085195286941,-0.0,0.5132222441658684,-0.0,0.0,0.0,0.0,0.0,-0.0,-0.0,-0.0,-0.0,0.0,-0.0,0.0,0.0,-0.0,0.08116923630543756,0.0
2018-01-18,-0.0,0.0,-0.0,-0.0,-0.0,0.0,-0.0,-0.0,0.0,-0.0,0.0,-0.4198064166361743,-0.0,0.5801935833638256,-0.0,0.0,0.0,0.0,0.0,-0.0,-0.0,-0.0,-0.0,0.0,-0.0,0.0,-0.0,-0.0,0.0,0.0
2018-01-19,0.0,0.0,0.0,-0.0,-0.0,0.0,-0.0,-0.0,0.0,0.0,0.0,-0.4767794226567937,-0.0,0.38720641260477046,0.0,0.0,0.0,0.0,0.0,-0.0,-0.0,-0.0,-0.0,0.0,-0.0,0.0,0.0,0.0,0.13601416473843586,-0.0
2018-01-22,0.0,0.0,0.0,-0.0,-0.0,0.0,-0.0,-0.0,0.0,0.0,0.0,-0.5056705325825827,-0.0,0.3670851761882175,0.0,0.0,0.0,0.0,0.0,-0.0,-0.0,-0.0,-0.0,0.0,-0.0,0.0,0.0,0.0,0.1272442912291999,-0.0
2018-01-23,-0.0,0.0,0.0,-0.0,-0.0,0.0,-0.0,-0.0,0.0,0.0,0.0,-0.5340201173941727,-0.0,0.45124080927040144,0.0,0.0,0.0,0.0,0.0,-0.0,-0.0,-0.0,-0.0,0.0,-0.0,0.0,0.0,0.0,0.01473907333542593,-0.0
2018-01-24,0.0,0.0,0.0,-0.0,-0.0,0.0,-0.0,-0.0,0.0,0.0,0.0,-0.5265809213699859,-0.0,0.47341907863001415,0.0,0.0,0.0,0.0,-0.0,0.0,0.0,-0.0,-0.0,0.0,-0.0,0.0,0.0,0.0,0.0,-0.0
2018-01-25,0.0,0.0,0.0,-0.0,-0.0,0.0,-0.0,-0.0,0.0,0.0,0.0,-0.5355806641181544,-0.0,0.40088073467349716,0.0,0.0,0.0,0.0,-0.0,0.0,0.0,-0.0,-0.0,0.0,-0.0,0.0,0.0,0.0,0.06353860120834842,-0.0
2018-01-26,-0.0,0.0,0.0,-0.0,-0.0,0.0,-0.0,-0.0,0.0,0.0,0.0,-0.3769279051285449,-0.0,0.6230720948714551,0.0,0.0,0.0,0.0,-0.0,0.0,0.0,-0.0,-0.0,0.0,-0.0,0.0,0.0,0.0,0.0,-0.0
2018-01-29,0.0,0.0,0.0,-0.0,-0.0,0.0,-0.0,-0.0,0.0,0.0,0.0,-0.3983952470198931,-0.0,0.6016047529801068,0.0,0.0,0.0,0.0,0.0,-0.0,-0.0,0.0,-0.0,0.0,-0.0,0.0,0.0,0.0,0.0,-0.0
2018-01-30,-0.0,0.0,0.0,-0.0,-0.0,0.0,-0.0,-0.0,0.0,0.0,0.0,-0.39237315960897406,-0.0,0.607626840391026,0.0,0.0,0.0,0.0,-0.0,0.0,0.0,0.0,-0.0,0.0,-0.0,0.0,0.0,0.0,0.0,-0.0
2018-01-31,-0.0,0.0,0.0,-0.0,-0.0,0.0,-0.0,-0.0,0.0,-0.0,0.0,-0.4310318692611214,-0.0,0.5689681307388785,-0.0,0.0,0.0,0.0,-0.0,0.0,0.0,-0.0,-0.0,0.0,-0.0,0.0,0.0,-0.0,0.0,-0.0
2018-02-01,-0.0,0.0,0.0,-0.0,-0.0,0.0,-0.0,-0.0,0.0,-0.0,0.0,-0.46229976226597974,-0.0,0.5377002377340203,-0.0,0.0,0.0,0.0,-0.0,0.0,0.0,-0.0,-0.0,0.0,-0.0,0.0,0.0,0.0,0.0,-0.0
2018-02-02,-0.0,0.0,0.0,-0.0,-0.0,0.0,-0.0,-0.0,0.0,-0.0,0.0,-0.0,-0.0,1.0,-0.0,0.0,0.0,0.0,-0.0,0.0,0.0,-0.0,-0.0,0.0,-0.0,0.0,0.0,0.0,0.0,-0.0
2018-02-05,-0.0,0.0,0.0,-0.0,-0.0,0.0,-0.0,-0.0,0.0,-0.0,0.0,-0.0,-0.0,1.0,-0.0,0.0,0.0,0.0,-0.0,0.0,0.0,-0.0,-0.0,0.0,-0.0,0.0,0.0,0.0,0.0,-0.0
2018-02-06,-0.0,0.0,0.0,-0.0,-0.0,0.0,-0.0,-0.0,0.0,0.0,0.0,-0.0,-0.0,1.0,0.0,0.0,0.0,0.0,-0.0,0.0,0.0,-0.0,-0.0,0.0,-0.0,0.0,0.0,0.0,0.0,-0.0
2018-02-07,-0.0,0.0,0.0,-0.0,-0.0,0.0,-0.0,-0.0,0.0,0.0,0.0,-0.18078373608351567,-0.0,0.8192162639164844,0.0,0.0,0.0,0.0,-0.0,0.0,0.0,0.0,-0.0,0.0,-0.0,0.0,0.0,0.0,0.0,-0.0
2018-02-08,0.0,0.0,0.0,-0.0,-0.0,0.0,-0.0,0.0,0.0,0.0,0.0,-0.37721284518730425,0.0,0.6227871548126958,0.0,0.0,0.0,0.0,-0.0,0.0,0.0,0.0,0.0,0.0,-0.0,0.0,0.0,0.0,0.0,-0.0
2018-02-09,0.0,0.0,0.0,0.0,-0.5159279262990494,0.0,-0.0,0.0,0.0,0.0,0.0,-0.0,0.0,0.28252252767915365,0.0,0.0,0.0,0.04123559645084569,-0.0,0.0,0.0,0.0,0.0,0.0,-0.0,0.043645299592123855,0.0,0.11666864997882748,0.0,-0.0
2018-02-12,0.0,0.0,0.0112351799036792,0.0,-0.17538553101480475,0.05050580613040886,-0.0,0.0,0.0,0.06526280881535845,0.0,-0.10720276214254261,0.0,0.11266381101040182,0.021862304225012404,0.0,0.044630644313356324,0.08854119204684129,0.0,-0.0,-0.0,0.0,0.0,0.0,-0.0,0.10475309657565463,0.0460761257947398,0.09013524136927546,0.08174549665792441,-0.0
2018-02-13,0.0,0.0,0.034071457257974475,0.0,-0.15395965506631887,0.04479672409695527,-0.0,0.0,0.0,0.08668414792837091,0.0,-0.07141933441233711,0.0,0.024229148424213837,0.05131697289805759,0.0,0.06990503992968826,0.108662128028908,0.0,-0.0,-0.0,0.0,0.0,0.0,-0.0,0.11463674626911435,0.06622931823187035,0.10361507955260633,0.07047424790358453,-0.0
2018-02-14,0.0,0.0,0.04421870894417957,0.0,-0.16041490880338,0.04408363952062437,-0.0,0.0,0.0,0.08188343766768726,0.0,-0.07753593020886594,0.0,0.0,0.010112822680028083,0.0,0.09822095791568025,0.11131314753471588,-0.0,0.0,0.0,0.0,-0.0,0.0,-0.0,0.08439056224907493,0.08413970598884497,0.1187921470324295,0.08489403145448927,-0.0
2018-02-22,0.0,0.0,0.06594077073032603,0.0,-0.16775230141223424,0.0447178756136897,-0.0,-0.0,0.0,0.06495148843336111,0.0,-0.07001475538673511,0.0,0.0,0.0,0.0,0.12309693239913365,0.10710348704138781,0.0,-0.0,-0.0,0.0,-0.0,0.0,-0.0,0.07727881930329078,0.08623812341361906,0.10586629033399435,0.087039155932228,-0.0
2018-02-23,0.0,0.0,0.04719069214035867,0.0,-0.16082053268904561,0.06947663037771015,-0.0,0.0,0.0,0.06893607203214572,0.0,-0.09265316932501852,0.0,0.0,0.0,0.0,0.08830212754757287,0.09260181984419884,0.0,-0.0,-0.0,0.0,-0.0,0.0,-0.02436854606553711,0.05185490779783602,0.09028807938917494,0.10428390046582928,0.10922352232557225,-0.0
2018-02-26,0.012626060134643844,0.0,0.049703527958489896,0.0,-0.15481085283944215,0.10499870371887124,-0.0,0.0,0.0,0.04840173068803503,0.0,-0.0904080181949034,0.0,0.0,0.0,0.018479978368075647,0.06936741889318743,0.06887383614389377,0.0,-0.0,-0.0,0.0,-0.0,0.0,-0.05697646261795254,0.0447734114220764,0.07400253417864021,0.0762105641380527,0.1303669007037356,-0.0
2018-02-27,0.020387308318687236,0.0,0.003416240595719171,0.0,-0.23463010949896704,0.11541161775747302,-0.0,0.0,0.0,0.05196288271415715,0.0,-0.10210404467367488,0.0,0.0,0.0,0.0,0.015296314169188249,0.06376261183297129,0.0,-0.0,-0.0,0.0,-0.0,0.0,-0.053433829908036475,0.032043886882975055,0.07327902293363611,0.08593391615587946,0.14833821455863497,-0.0
2018-02-28,0.04509866915206015,0.0,0.0,0.0,-0.31131078570659554,0.12482073514423461,-0.0,0.0,0.0,0.030108757442468232,0.0,-0.07189365708736734,0.0,0.0,0.0,0.0,0.0,0.0454300758050605,0.0,-0.0,-0.0,0.0,-0.0,0.0,-0.04509391523850723,0.0,0.0769191492967959,0.08909266146185034,0.16023159366506015,-0.0
2018-03-01,0.08515909762100421,0.0,0.018496758038983412,0.0,-0.280310142292372,0.11698578666144352,-0.0,0.0,0.0,0.023783080314152223,0.0,-0.05876367490627577,0.0,0.0,0.0,0.0,0.026933849120086915,0.04102771672326837,0.0,-0.0,-0.0,0.0,-0.0,0.0,-0.03681708960871482,0.0,0.08146376162714664,0.07946217980990375,0.15079686327664826,-0.0
2018-03-02,0.012242592923500285,0.0,0.0,-0.0,-0.5785618034387825,0.14626531058834838,-0.0,-0.0,-0.0,0.0,0.0,-0.035688968612451015,0.0,0.0,0.0,0.0,0.0,0.0,0.0,-0.0,-0.0,-0.0,-0.0,-0.0,-0.0,0.0,0.0,0.0,0.2272413244369179,-0.0
2018-03-05,0.0017773473281939493,0.0,0.0,0.0,-0.42644767874912926,0.1411195926161732,-0.0,0.0,0.0,0.0,0.0,-0.09266818574698128,0.0,0.0,0.0,0.0,0.0,0.0,0.0,-0.0,-0.0,-0.0,-0.0,0.0,-0.0,0.0,0.056275926385464164,0.0986671287992792,0.18304414037477895,-0.0
2018-03-06,0.0,0.0,0.0,0.0,-0.3882783525449533,0.03697024045426558,-0.0,0.0,-0.0,0.09142050925839154,0.0,-0.0040209555128881275,0.0,0.0,0.0,0.0,0.0,0.02687345535487036,0.0,-0.0,-0.0,0.0,-0.0,0.0,-0.0,0.0,0.15302798713843813,0.21282927432498072,0.0865792254112122,-0.0
2018-03-07,0.0,0.0,0.0,0.0,-0.5830768070374013,0.0,-0.0,0.0,-0.0,0.042326129744055356,0.0,-0.0,0.0,0.0,0.0,0.0,0.0,0.0,0.0,-0.0,-0.0,-0.0,-0.0,0.0,-0.0,0.0,0.12124446697069906,0.2533525962478443,0.0,-0.0
2018-03-08,0.0,-0.0,0.0,0.0,-0.7363947054509495,0.0,0.0,0.0,-0.0,0.0,0.0,-0.0,0.0,0.0,0.0,0.0,0.0,0.0,0.0,-0.0,-0.0,-0.0,-0.0,-0.0,-0.0,0.0,0.0,0.15504831174014091,0.1085569828089095,0.0
2018-03-09,0.0,0.0,0.0,0.0,-0.8093160766575108,0.04253438421909965,0.0,0.0,-0.0,0.0,-0.0,-0.0,0.0,0.0,-0.0,0.0,0.0,0.0,0.0,-0.0,-0.0,-0.0,-0.0,-0.0,-0.0,0.0,0.0,0.0,0.14814953912338957,0.0
2018-03-12,0.0,0.0,0.0,0.0,-1.0,0.0,0.0,0.0,-0.0,0.0,0.0,-0.0,0.0,0.0,0.0,0.0,0.0,0.0,0.0,-0.0,-0.0,-0.0,-0.0,-0.0,-0.0,0.0,0.0,0.0,0.0,0.0
2018-03-13,0.0,0.0,0.0,0.0,-0.6223170529561215,0.1271910559206541,0.0,0.0,-0.0,0.0,0.0,-0.08381660017279262,0.0,0.0,0.0,0.0,0.0,0.0,0.0,-0.0,-0.0,-0.0,-0.0,-0.0,-0.0,0.0,0.0,0.0,0.1666752909504318,0.0
2018-03-14,0.034734670495435334,0.0,0.0,0.0,-0.4233173613886112,0.18404505439574026,-0.0,0.0,0.0,0.0,0.0,-0.14620023018510997,0.0,0.0,0.0,0.0,0.0,0.0,0.0,-0.0,-0.0,-0.0,-0.0,-0.0,-0.006849365421034222,0.0,0.0,0.0,0.204853318114069,0.0
2018-03-15,0.09958585256717847,0.0,0.0,0.0,-0.3015648101098383,0.1576357510989197,-0.0,0.0,0.0,0.0,0.0,-0.13696702868773378,0.0,0.0,0.0,0.06379259537872246,0.0,0.0,0.0,-0.0,-0.0,0.0,0.0,0.0,-0.08822003675217696,0.0,0.0,0.0,0.15223392540543024,-0.0
2018-03-16,0.07617873335487742,0.0,0.0,0.0,-0.3810080308273481,0.16571247457531882,-0.0,0.0,0.0,0.0,0.0,-0.12163873718135787,0.0,0.0,0.0,0.009078740978075924,0.0,0.0,0.0,-0.0,-0.0,-0.0,-0.0,-0.0,-0.06472440331564046,0.0,0.0,0.0,0.18165887976738126,0.0
2018-03-19,0.08138365785424254,0.0,0.0,0.0,-0.36318302683970044,0.16726839876912453,-0.0,0.0,0.0,0.0,0.0,-0.11290997782711891,0.0,0.0,0.0,0.016014563920992486,0.0,0.0,0.0,-0.0,-0.0,-0.0,-0.0,-0.0,-0.07644323818428016,0.0,0.0,0.0,0.18279713660454092,0.0
2018-03-20,0.12060609653170203,0.0,0.0,0.0,-0.33295022152654885,0.1513311258887276,-0.0,0.0,0.0,0.0,0.0,-0.11602325730581832,0.0,0.0,0.0,0.031042045854894344,0.0,0.0,0.0,-0.0,-0.0,0.0,0.0,0.0,-0.08972367556229792,0.0,0.0,0.0,0.15832357733001085,-0.0
2018-03-21,0.13371913279652733,0.003859633468479943,0.0,0.0,-0.29138221182890284,0.1351984309543048,-0.0,0.0,0.0,0.0,0.0,-0.10420102333793915,0.0,0.0,0.0,0.04772735257588984,0.0,0.0,0.0,-0.0,-0.0,0.0,0.0,0.0,-0.10785467985445793,0.0,0.0,0.039332781720689845,0.13672475346280838,-0.0
2018-03-22,0.1142148009198056,0.04678163711103656,0.0,0.007568338930866521,-0.2594424628367313,0.11565731162336047,-0.0,0.027049805427812462,0.0,0.014543308884374731,0.0,-0.08997215113737149,0.030020170241326912,0.0007258342435434437,0.0,0.053834919007438926,0.0,0.0,0.0,-0.0,-0.0,0.0,0.0,0.0,-0.09190453542366375,0.0,0.0,0.04245069409595747,0.10583403011671026,-0.0
2018-03-23,0.1306199764418681,0.03428129166150309,0.0,0.0,-0.29789376829779857,0.13603126935448423,-0.0,0.0,0.0,0.0,0.0,-0.10197682513322519,0.0,0.0009625353470480331,0.0,0.0343751313006547,0.0,0.0,0.0,-0.0,-0.0,0.0,0.0,0.0,-0.11720992097621627,0.0,0.0,0.0,0.1466492814872018,-0.0
2018-03-26,0.11906612881313346,0.04185867219768017,0.03244478865447332,0.004120962444792096,-0.20464901475943179,0.1203570653404073,-0.0,0.0040776639356977186,0.0,0.0,0.0,-0.0741510028471037,0.0,0.006337120932074848,0.0,0.06533647041289894,0.0402779028840942,0.0,0.0,-0.0,-0.0,0.0,0.0,0.0,-0.10452575552948491,0.0,0.013427984899924653,0.042050954888051245,0.12731851146075152,-0.0
2018-03-27,0.1196909432580476,0.04958229462492978,0.019700975866280234,0.0,-0.21906120750328129,0.12945906304760937,-0.0,0.0,0.0,0.0,0.0,-0.08444750491421954,0.0,0.00786008280059124,0.0,0.07103505723422895,0.02299420997035673,0.0,0.0,-0.0,-0.0,0.0,0.0,0.0,-0.11287795959524435,0.0,0.0,0.027761667192039634,0.1355290339931713,-0.0
2018-03-28,0.10052378772113028,0.04312670697537506,0.037560487653912844,0.006131028588667662,-0.1816445855305504,0.12095876239491114,-0.0,0.010068326958311367,0.0,0.005074094748210704,0.003257967997200277,-0.0824741967484036,0.0012715713569337133,0.003787348155356062,0.0,0.0650511823320956,0.04244216300098504,0.0,0.0,-0.0,-0.0,0.0,0.0,0.0,-0.1016940740920035,0.0,0.016209302247558642,0.04816000146564009,0.130564412032754,-0.0
2018-03-29,0.11083846381432712,0.021117909695441812,0.019983936367311772,0.0,-0.21066270319538669,0.13359939336302462,-0.0,0.0,0.0,0.0,0.0,-0.08397586180923618,0.0,0.0331982612250847,0.0,0.05186584230073658,0.03270311748589123,0.0,0.0,-0.0,-0.0,0.0,0.0,0.0,-0.10755598148430585,0.0,0.0,0.03345471095659183,0.16104381830266168,-0.0
2018-03-30,0.12980811972250164,0.01388426472981357,0.004695117030692528,0.0,-0.2284855772248998,0.13375668915526964,-0.0,0.0,0.0,0.0,0.0,-0.08032352837235966,0.0,0.05747702134626294,0.0,0.04759060728705147,0.021358009780629347,0.0,0.0,-0.0,-0.0,0.0,0.0,0.0,-0.10472054989607125,0.0,0.0,0.021283773693509422,0.1566167417609387,-0.0
2018-04-02,0.14773740575585348,0.015975960313060915,0.006113573689101419,0.0,-0.24017587132258247,0.13432984698083744,-0.0,0.0,0.0,0.0,0.0,-0.07888173312108611,0.0,0.04332037859207814,0.0,0.04435516172643216,0.023649407841315927,0.0,0.0,-0.0,-0.0,0.0,0.0,0.0,-0.10536008739289218,0.0,0.0,0.002208073110950728,0.15789250015380912,-0.0
2018-04-03,0.1368430663626021,0.023396400025287697,0.0007243018682175078,0.0,-0.23816366179321205,0.13395909420420757,-0.0,0.0,0.0,0.0,0.0,-0.08870499595773212,0.0,0.06727028772755624,0.0,0.05016395389396773,0.009975690347589796,0.0,0.0,-0.0,-0.0,0.0,0.0,0.0,-0.09215379937611834,0.0,0.0,0.0,0.1586447484435088,-0.0
2018-04-04,0.12113815545496705,0.0408268472166908,0.015620434687815146,0.0,-0.21604105375579338,0.13351759246536407,-0.0,0.0,0.0,0.0,0.0,-0.08006159545118678,0.0,0.06900642631587635,0.0,0.06629192684584759,0.022083279948617262,0.0,0.0,-0.0,-0.0,0.0,0.0,0.0,-0.09311739425303892,0.0,0.0,0.0,0.14229529360480264,-0.0
2018-04-09,0.10631067092695903,0.042435472247406,0.04038915323925216,0.0024782006342873855,-0.1873898949695453,0.11783887196765679,-0.0,0.0044917566491046055,0.0,0.0,0.005826831975624585,-0.0791594102050716,0.006761933685050224,0.05205042923768356,0.0,0.07439487627628616,0.0484449132033648,0.0,0.0,-0.0,-0.0,0.0,0.0,0.0,-0.08480842139681807,0.0,0.006155064539563488,0.028770930420596356,0.11229316842572985,-0.0
2018-04-10,0.09012186484923058,0.04227205736700344,0.04754476212172176,0.01856121417147183,-0.12887757421107357,0.08585943451863477,-0.0,0.01831546219379997,0.010998047649825815,0.012843255626589513,0.023972338935871605,-0.05968380434848584,0.02755187800444408,0.04442630909635838,0.0,0.06071333655256473,0.04694628722703205,0.01006350769338284,0.017744420217494433,-0.017737964313877815,-0.01774455578646127,0.0,0.0,0.0,-0.06890955313047586,0.009326952487108063,0.023355819744428345,0.03671499851861087,0.07971460123405236,-0.0
2018-04-11,0.09857985050841347,0.05154505343458203,0.04813729356626452,0.013768913225098694,-0.15225070039993807,0.10232926226169071,-0.0,0.01592874979292274,0.004915896119703536,0.0,0.023416242472407835,-0.06804225187186966,0.01747997463758614,0.06043875694434709,0.0,0.07613450949323353,0.043998008411765994,0.0,0.007637113153555098,-0.007630068868944167,-0.007637127924334686,0.0,0.0,0.0,-0.07974410254005979,0.0,0.004117411704824958,0.024451207950237135,0.09181750471822003,-0.0
2018-04-12,0.08664732072222701,0.04597944430504047,0.046055330582193084,0.026011491359137277,-0.12179161956140845,0.08540362348480596,-0.0,0.02507595923885207,0.010118092304549615,0.014562859204288466,0.02439467325148618,-0.05711070315139978,0.025533317495710306,0.0421550461581408,0.0,0.06543683465418906,0.04401873058163528,0.00690737292344293,0.021087383125004536,-0.021082375090530306,-0.021087390956100172,0.0,0.0,0.0,-0.07012792198644381,0.009671300768239008,0.017907374640824814,0.033748994716102786,0.0780848397382477,-0.0
2018-04-13,0.1087995857195827,0.049545284851939174,0.04887859409429267,0.0,-0.15551962270851521,0.10310771471713703,-0.0,0.0,0.0,0.0,0.018715910613767688,-0.0680665864650286,0.0,0.042332149433069614,0.0,0.08116783907327822,0.04931777761808995,0.0,0.028126500960885318,-0.028120079508818695,-0.028127074912512696,0.0,0.0,0.0,-0.08368120462411256,0.0,0.00010692654489089014,0.015059264634013905,0.09132788352006503,-0.0
2018-04-16,0.09283809227180834,0.05233004120191443,0.04242426657539532,0.020006725524447166,-0.12850639420003304,0.09075519541142782,-0.0012003549171976026,0.020241310203206322,0.009577820457723806,0.0026567381246944744,0.023420986977751884,-0.0655719826721061,0.018284538522182158,0.04666438312094216,0.0,0.07673553797123768,0.04031979279107262,0.0,0.027921184268858885,-0.027916149281772804,-0.027921637469315332,0.0,0.0,0.0,-0.07529283033822609,0.000807840670021709,0.007831788841486277,0.02240582951507868,0.07836857867209941,-0.0
2018-04-17,0.090651685292975,0.05054800163519098,0.04578335696196222,0.025862870062378453,-0.12122556617775061,0.0850723277064164,-0.008231026595334133,0.019656160738030885,0.013488944041953025,0.00421494867437776,0.02609372873760276,-0.057892156169795296,0.01812010403381976,0.03186183660740866,0.0,0.07179043230084171,0.04497288174758892,0.0,0.03495754884698009,-0.03495428569444683,-0.03495794204801013,0.0,0.0,0.0,-0.07325368271167773,0.0,0.010632696540684522,0.023002846563684044,0.0727749701110902,-0.0
2018-04-18,0.08479544992029643,0.0388630109952073,0.04939596135937609,0.0317753495286242,-0.10317471607493109,0.0747574335843666,-0.012151738626574864,0.02753095033735311,0.016435161687835858,0.01800015977833721,0.03174121751153533,-0.04709678153700954,0.02383682831059325,0.024513465783939405,0.000625804968840613,0.061530565293504855,0.046652239655457145,0.013298508592094981,0.0339735822653578,-0.03397124135416923,-0.03397392903344675,0.0,0.0,0.0,-0.05865832498060658,0.01350278203960448,0.02337399308016413,0.032222231147914775,0.06414857255285852,-0.0
2018-04-19,0.09689842031593503,0.035281782727946666,0.05236668354931345,0.023278504478920586,-0.12160359299771353,0.08708647501214596,-0.006361958671308708,0.01957218079757738,0.00853629842108361,0.009292664392120191,0.03101598924898258,-0.049847161966892026,0.011887583088114842,0.021069950772356648,0.0,0.06841011726067886,0.050696554353512197,0.00796988418077913,0.03418285340852645,-0.03418002841267346,-0.034183280929931135,0.0,0.0,0.0,-0.0636495494095071,0.008692897580028352,0.02240761062080212,0.026337645031816976,0.07519033237133307,-0.0
2018-04-20,0.09270111689958045,0.037550754452205244,0.04879698740199178,0.03336295572539831,-0.11309843365806281,0.08107495071117425,-0.00478176412680777,0.025804721660405473,0.009938298956677423,0.014429823513526974,0.027140162660528745,-0.04502593562424954,0.01816971631118397,0.025326076230958276,0.0,0.06364079743986248,0.04752637345493226,0.01102874192108331,0.03382510764538733,-0.033820541399972565,-0.03382366473517716,0.0,0.0,0.0,-0.06429807281509543,0.012125032466636805,0.02322716991732718,0.03119493793167262,0.06828786234010195,-0.0
2018-04-23,0.0904936277733626,0.0376855100522563,0.05114211291929922,0.02819599194070149,-0.10352372722375991,0.08274795422922411,-0.00957412328603459,0.020851661510952812,0.009024248070784174,0.013385889436276624,0.02815177132089881,-0.04970311599040832,0.012001369494242606,0.03199527505064131,0.0,0.06506205804697404,0.052266917379623,0.013126960765538853,0.03145322822530048,-0.03144901040442314,-0.031451895426533115,0.0,0.0,0.0,-0.06485059742748135,0.010364170312475177,0.0279039603504576,0.029717856706325395,0.07387696665602515,-0.0
2018-04-24,0.09815291735859293,0.03846171125750412,0.05129236853521816,0.02544535059356003,-0.10864215178117742,0.08756133830242004,-0.002335267545311195,0.020331071898910834,0.009071771063254084,0.01043801445230288,0.028297345338829275,-0.0470007861960601,0.012731055485838519,0.032335556181266906,0.0,0.06739460876005605,0.05003481802548115,0.010184551677110345,0.031881577521112446,-0.031878303048203174,-0.03188152749210731,0.0,0.0,0.0,-0.06807865008274333,0.009359993740060477,0.024927083956806772,0.02617605218739155,0.07610612751868089,-0.0
2018-04-25,0.09482297105977422,0.04610951524471035,0.048070033073273885,0.030316513271625798,-0.09804691179416634,0.07888791474653586,-0.002428821991580484,0.026139739982368453,0.020516533989265544,0.016706053380300453,0.031110686572819117,-0.03699159637596033,0.016012855731217565,0.034237393131385796,0.002180280517201124,0.06514419811705129,0.044185099200765444,0.01560666382029051,0.03200396175839188,-0.03200107371057441,-0.03200391887071715,0.0,0.0,0.0,-0.05932041681727144,0.019299979802622443,0.025321197862651697,0.028099712413413205,0.06443595676406515,-0.0
2018-04-26,0.0985491118355114,0.04948137372355666,0.049974943886225434,0.024529399954526333,-0.10271608401048679,0.08003097463497669,-0.003516124151239217,0.020475612473776817,0.02108053400590168,0.01277322100798847,0.031741054684738756,-0.034784548685920263,0.008638708731323693,0.03348428019381788,0.0,0.06598859687155016,0.04682353469480937,0.014739527663784419,0.0357143177597224,-0.03571187085605835,-0.035714729116756695,0.0,0.0,0.0,-0.05887783595630876,0.016193707340106393,0.028349134511452725,0.02683604876643517,0.06327472448302555,-0.0
2018-04-27,0.10786807889695538,0.04931039732090685,0.04805758536148465,0.021601548759384262,-0.10945167605354642,0.08514753343639656,-0.0,0.016562274366551603,0.010873517705720447,0.008245481300809227,0.025945332204734294,-0.03798704984050958,0.005658160738762171,0.03792372796670508,0.0,0.06634995054271538,0.04811765235358401,0.008472524610064043,0.038301968854438005,-0.03830050149957226,-0.03830243353368324,0.0,0.0,0.0,-0.06652766296632719,0.01013278699410379,0.024491540170963524,0.023150502172046058,0.07322011235003613,-0.0
2018-05-02,0.09230824326240693,0.044241613422452156,0.04749700187063323,0.032740552554230466,-0.09901627393511486,0.07631381359030004,-0.0016891448191019153,0.028150252331102247,0.014475370623088644,0.01948419835125667,0.027529275010838097,-0.033353308458112574,0.018206624291316923,0.03147414002453851,0.007242370900462201,0.06002956353147251,0.04649275933406185,0.01837772668467222,0.03372263080311345,-0.033721418600439285,-0.033723156411220895,0.0,0.0,0.0,-0.056859663802227844,0.021176049385815434,0.028474196495501182,0.029092220107533755,0.06460843139898605,-0.0
2018-05-03,0.08956894076874318,0.04059823862520693,0.04963000961776927,0.030926518179230898,-0.09280168443913185,0.07611930052802385,-0.008196029381089926,0.02504627927613482,0.015124247439267385,0.020305070258376506,0.029218733830965772,-0.036732836675867506,0.017182035908998947,0.027247591869338433,0.007976965844498557,0.058704463513636826,0.04995976768473908,0.01923456234769095,0.03410704869129182,-0.03410648328810803,-0.03410755293852603,0.0,0.0,0.0,-0.05505908252101761,0.021113425416545775,0.02982127737471349,0.030514863710024744,0.06659698987106191,-0.0
2018-05-04,0.1112998049461336,0.03474708565816054,0.05600732760987912,0.02406345016651529,-0.11093679357705127,0.08663200042306511,-0.0028312592857109836,0.015561133990641176,0.004098950987722359,0.010409642515042446,0.028240550866383045,-0.03710217364291594,0.00904443267753303,0.012941113302652399,0.0,0.061839179044598194,0.05728350497187431,0.011323737334659715,0.0402050479201794,-0.040204329273803976,-0.040204662416409874,0.0,0.0,0.0,-0.061543798426959395,0.011943954753077694,0.026668305273049284,0.0269360807030646,0.07793168023291716,-0.0
2018-05-07,0.09206528355412079,0.034168209510423465,0.04932403808054806,0.03688382439065687,-0.08885764879833082,0.0716869371457142,-0.009785822190479557,0.0287988274888745,0.007639683130316344,0.02240866412309245,0.027498775404002102,-0.035119880298233326,0.02491210777821219,0.01630131373353029,0.009462120582040297,0.05304862915634718,0.05045811662221604,0.020881783828130912,0.03923125060618425,-0.03923071663425438,-0.039230960220198376,0.0,0.0,0.0,-0.054962493507277096,0.02128165549743891,0.03082313200124615,0.03164609958633636,0.06429202613179517,-0.0
2018-05-08,0.09292475775866685,0.03132556289700742,0.04851917550122105,0.04420473334872045,-0.09128803575283906,0.06885456792631174,-0.007983779646857689,0.03454377783640995,0.008155113384291405,0.02590719182346753,0.02674441321178956,-0.030764932249335398,0.03242172223223823,0.008437846719541337,0.012572761887506565,0.046989424073414575,0.04758936667199441,0.02325308200403663,0.038989954370837535,-0.03898939792122766,-0.03898965126206912,0.0,0.0,0.0,-0.05012114656091797,0.024237669659583672,0.031117256520553783,0.03370899687963412,0.06136568189952624,-0.0
2018-05-09,0.08941948968403488,0.033966708849497596,0.045658920753552795,0.04326424665761278,-0.0874102105395795,0.06889756776067486,-0.013556269433832313,0.034866209839495226,0.0118978772774113,0.023082072382106703,0.026115700339696048,-0.03597666570799663,0.03264333141855439,0.015467546991170072,0.01125854410790737,0.047028096003889464,0.04560364731116548,0.019310777293614155,0.039625515387589925,-0.03962497697506131,-0.03962522344103503,0.0,0.0,0.0,-0.05128772352333704,0.0213174341509286,0.02788737899598418,0.030573367084557986,0.06463449808971444,-0.0
2018-05-10,0.08297644377472062,0.030293853019027057,0.045241942316194446,0.04671394412179742,-0.0754903548775215,0.05802662616446588,-0.013920731226799637,0.038809952858928104,0.015151934313821662,0.02979789233561104,0.027972779028690907,-0.029320538855478775,0.03745243822915219,0.013597199843653622,0.020303855297972805,0.039736911667090695,0.042539799371185856,0.026264473956691643,0.03963910894049842,-0.039638656910164924,-0.039638866074914875,0.00471705762612252,0.00743472037536036,0.002161648136208264,-0.042702480534825296,0.028148703273552813,0.032045628127635846,0.034782081518385015,0.05332866901385873,-0.002150708209669015
2018-05-11,0.09020521211215561,0.023457788019669034,0.04811703391781136,0.047448440475695346,-0.08315953889111583,0.06280518111959292,-0.01360314657804955,0.038067707131819756,0.00735875494478587,0.026149566545142073,0.028862683019242056,-0.0305500803172392,0.03912514910288475,0.006182579880618882,0.014943198431344961,0.0390946993230662,0.04771946264473533,0.023702248098238676,0.043079106621815494,-0.04307930630225541,-0.04307885642192551,0.0,0.002986194035977381,0.0,-0.04498054247572115,0.024278192123610234,0.033756881201051935,0.03416783637910158,0.06004061388533388,-0.0
2018-05-14,0.09528548315616132,0.02357884938584298,0.04936640982513185,0.03862023111491623,-0.08612205193618738,0.06854226380423697,-0.015686976444224447,0.02896174093550901,0.0036269318608895557,0.022804584659675758,0.03102054698397459,-0.03470611583711407,0.03459965122062674,0.005589324584994472,0.010051903799010015,0.04356163823647984,0.04990912167810842,0.02117607726483413,0.04499083701689701,-0.04499228913149148,-0.04499056330986729,0.0,0.0,0.0,-0.04891245555927781,0.02176728716387524,0.032599832979962634,0.03266822862911971,0.06586860348159107,-0.0
2018-05-15,0.11328039556156154,0.019726920879996588,0.05199668322499003,0.03374454495277288,-0.09860348789408013,0.079324017383328,-0.010518096065369327,0.022838216903419653,0.0,0.014115864851846537,0.027796759991174484,-0.03747957817479187,0.03211559805904192,0.00011176395274963191,0.0,0.047375949113235186,0.05393855296833401,0.012048965810917266,0.04854336866721338,-0.04854525935922632,-0.04854302533060495,0.0,0.0,0.0,-0.05317726569384951,0.01297345558154678,0.028412381292651816,0.02814896683300264,0.0766408814542955,-0.0
2018-05-16,0.11111571008217276,0.028982462803966894,0.05175597296477842,0.03163507374608091,-0.09517166147848209,0.08175046705008925,-0.009128680141398123,0.022513252984077286,0.0004004481241709436,0.01304832942114621,0.03011663431277222,-0.037388889722978186,0.02636242591399529,0.008717325520134654,0.0,0.050987708790168465,0.0536367648679746,0.01272125216220908,0.04486354887492126,-0.04486572258862343,-0.0448635511486925,0.0,0.0,0.0,-0.05705217299332606,0.014687841678089156,0.027318619193164743,0.02540911679390073,0.0755063666426866,-0.0
2018-05-17,0.09632216815893113,0.04592354174274776,0.0452118324456479,0.02275098959197508,-0.081856281654752,0.08311995714924421,-0.02379707719957082,0.016790635199573068,0.016028670074165474,0.002797415899666099,0.03841611132466508,-0.05370240917037838,0.014827582238592076,0.02486691305415838,0.0,0.06855415682653376,0.045662633490161794,0.0053273686012516395,0.04692659617001025,-0.04692844690326025,-0.04692693927012719,0.0,0.0,0.0,-0.06176474520256962,0.008915711971008645,0.018282875574837577,0.012323247015656916,0.0719756940705149,-0.0
2018-05-18,0.09051297792523091,0.04483349649917046,0.04338322484637049,0.03302626176337082,-0.07320186226010846,0.07601691949134019,-0.021764480620213942,0.02710089839509015,0.018107543070214744,0.009016442303270745,0.0362288439871412,-0.04854141473787447,0.027680812135540293,0.025158538174084245,0.0,0.06387138701371553,0.044538743862382366,0.008005569594868202,0.046143517185540196,-0.04614512101613057,-0.04614365754828305,0.0,0.0,0.0,-0.057353275004179326,0.0092422461775779,0.021046889629378323,0.018563929886547762,0.06437194687237555,-0.0
2018-05-21,0.08446459892867512,0.04910519464057368,0.03952320375277061,0.03108586658021461,-0.0695490158142308,0.07786096237635456,-0.025176195630229752,0.025999589771181088,0.02089673842787073,0.0062931964286672805,0.03640161848221897,-0.05469853680822867,0.027561701636447403,0.03563650234439506,0.0,0.07047092513068437,0.04048108375664623,0.003874872394620029,0.04543844562254452,-0.04544003908400915,-0.04543835491338643,0.0,0.0,0.0,-0.058474085780041145,0.006427914921807353,0.01779214400587258,0.015760063024057892,0.06614914974427187,-0.0
2018-05-22,0.07955420021043184,0.056193184079183923,0.03677701729920836,0.029018141445643995,-0.06854275803363706,0.07808202853741017,-0.024342823990892676,0.028771786803972438,0.027220904901539774,0.0048910617064935,0.03945601981433022,-0.05344189317029124,0.028259081723605552,0.03669013639824255,0.0,0.07582710913535133,0.036453490039405574,0.002346235209331173,0.04469689179301957,-0.04469843677922044,-0.04469680410790311,0.0002468867025760036,0.006081863790651012,0.0,-0.05672173697909026,0.00842400999377922,0.014665354139273936,0.011746064797337035,0.062154078418177904,-0.0
2018-05-23,0.0865378673347726,0.06394767168916309,0.029801079199297215,0.028502981852132372,-0.07636608916551872,0.0907676400789991,-0.016126117146216697,0.0292006468377555,0.023955796900902365,0.0,0.03711383526265751,-0.06038549302774632,0.03225581305461693,0.04708781544792055,0.0,0.08771082350898411,0.029608464406042208,0.0,0.04174846076919882,-0.04174996393328029,-0.041748346284947876,0.0,0.00043942555030057075,0.0,-0.06171380807972653,0.0,0.002956638338658403,0.0,0.07027522213116222,-0.0
2018-05-24,0.09517026679746851,0.06538283825678055,0.034488778461491516,0.013383634504735535,-0.08277864633077255,0.09303061452622985,-0.018694824757029244,0.016443656239590862,0.021681632810731835,0.0,0.03901839078376878,-0.06164131646930986,0.01606564982353611,0.04948991761903642,0.0,0.09172764856127166,0.035137145206365926,0.0,0.04574058550050896,-0.045740960843219124,-0.045739196041281176,0.0,0.0,0.0,-0.05984221216190609,0.0,0.0,0.0,0.06880208430496536,-0.0
2018-05-25,0.11137751795033349,0.05887068915891325,0.043716030240845805,0.0,-0.08557856780132468,0.10063134891590811,-0.018693157486122904,0.0,0.010088403041814974,0.0,0.03734083415690062,-0.06501566637271546,0.0,0.042586770239792314,0.0,0.09781734470812171,0.05306925960599857,0.0,0.04715079475421382,-0.04715127544738362,-0.04714902772537808,0.0,0.0,0.0,-0.05801276282254677,0.0,0.0,0.0,0.07575054957168594,-0.0
2018-05-28,0.10263672397772666,0.057023463440213924,0.050348881983497934,0.0,-0.0808837487491315,0.1021533661557454,-0.023547604105018344,0.0,0.011315107392125557,0.0,0.037406296493389855,-0.065184383585483,0.0,0.05271415253435141,0.0,0.09306190375585414,0.06354371314761682,0.0,0.04147255630084251,-0.041473014476171965,-0.04147314526149865,0.0,0.0,0.0,-0.05319626575657798,0.0,0.0,0.0,0.08256567288475426,-0.0
2018-05-29,0.09792449737508283,0.05243988683658293,0.05597227217880097,0.0,-0.0726792601541326,0.10369925663453514,-0.033752400748082494,0.0,0.012515830297985132,0.0,0.04226035252852606,-0.07303570847141873,0.0,0.042933282224169554,0.0,0.09679176533782223,0.06717370571694839,0.0,0.03858701597709945,-0.03858747911640549,-0.038585999176734276,0.0,0.0,0.0,-0.046515823059719706,0.0,0.0,0.0,0.08654546416595388,-0.0
2018-05-30,0.10787405199767967,0.045812014806399966,0.05404333070822705,0.0,-0.07236889891547493,0.12113455522165692,-0.022418247241357398,0.0,0.0,0.0,0.026419923411452023,-0.07960811034033878,0.0,0.04472833507029451,0.0,0.11218974405183393,0.0781169139469956,0.0,0.028943226544326673,-0.028943854108285535,-0.028938621525853345,-0.0,0.0,-0.0,-0.04609742210289349,0.0,0.0,0.0,0.10236275000693017,-0.0
2018-05-31,0.08842889519214725,0.051119782545307565,0.05967636169072854,0.0,-0.06575282200056355,0.09532055051987748,-0.03768095234835143,0.0,0.0182208852756459,0.0,0.04366183559842609,-0.07014085757137221,0.0,0.04629688972769126,0.0,0.09249507542173192,0.07145463287434659,0.0,0.041999397211361617,-0.04199977872811087,-0.0419965974310405,0.0,0.0,0.0,-0.05201931869842706,0.0,0.0,0.0,0.08173536716487002,-0.0
2018-06-01,0.09390900406605718,0.05760557168889418,0.059059241715209806,0.0,-0.0676259682871001,0.10344623597855031,-0.03245752393356778,0.0,0.017707676557320702,0.0,0.03773833975425102,-0.07259847877156567,0.0,0.047128467409095355,0.0,0.09909775443900094,0.07765571462511704,0.0,0.032733341156331565,-0.032734579772032535,-0.03273140161606623,0.0,0.0,0.0,-0.04777914478922977,0.0,0.0,0.0,0.08799155544060987,-0.0
2018-06-04,0.09550312420392029,0.043431604368252184,0.06233149865688516,0.0,-0.0740206950317605,0.11146155077084194,-0.035791571715767995,0.0,0.0037498232094451377,0.0,0.03719457777607668,-0.07643960960012218,0.0,0.029811249526287196,0.0,0.09690186751164924,0.08422276719946965,0.0,0.0319955042426386,-0.0319979037738492,-0.03199501061505328,-0.0,-0.0,0.0,-0.052522178093165825,0.0,0.0,0.0,0.10062946370481499,-0.0
2018-06-05,0.08787313760724315,0.04469325124012831,0.05884593007977929,0.0,-0.07456745036788878,0.10719022408717938,-0.03736254197151076,0.0,0.00785776692273824,0.0,0.039096700708386424,-0.07507104423038194,0.0,0.03430691279345342,0.0,0.09325285736388773,0.07666939783023934,0.0,0.035531171537404566,-0.03553413533689155,-0.03553076441240881,-0.0,0.0,0.0,-0.05698189365150149,0.0,0.0,0.0,0.09963481985897693,-0.0
2018-06-06,0.08852646818258549,0.04297289465883352,0.06664060944608209,0.0,-0.06577699651259014,0.09755721990304826,-0.040740887532806705,0.0,0.021013251998553542,0.0,0.050657683270580144,-0.06593441984507802,0.0,0.0338554707433374,0.0,0.08640388846958785,0.07754622207167211,0.0,0.03659762682530741,-0.03660050817494822,-0.03659723063272211,0.0,0.0,0.0,-0.048934913950030114,0.0015506250849532791,0.01211830194965428,0.0,0.08997478074762932,-0.0
2018-06-07,0.09911650278880263,0.03158009240263291,0.070203616465066,0.0,-0.07475941465235839,0.11017819181685795,-0.033712462954092394,0.0,0.009771766770577357,0.0,0.04790635559150633,-0.06968253863763554,0.0,0.028963050996252033,0.0,0.09548403340549771,0.08545718666751688,0.0,0.03440076392775277,-0.03440490021796628,-0.03440020181189355,0.0,0.0,0.0,-0.03739286170330908,0.0,0.0,0.0,0.10258605919028223,-0.0
2018-06-08,0.11534518663794108,0.013631229342874737,0.07580675178869424,0.0,-0.09506879304060009,0.14224256428774817,-0.015565033499588248,0.0,0.0,0.0,0.03927376516324303,-0.0745774010921428,0.0,0.016268221021667736,0.0,0.11727104937125679,0.10548954340161722,0.0,0.013221055341832636,-0.013227934612170296,-0.013220108178969164,-0.0,-0.0,0.0,-0.017179503941317724,0.0,0.0,0.0,0.13261185927833619,-0.0
2018-06-11,0.13706399198883698,0.0,0.06849880896192626,0.0,-0.11853466165353715,0.17342794746687312,-0.0,-0.0,0.0,-0.0,0.013200700633252906,-0.07258250986131125,-0.0,0.00678260733182864,-0.0,0.13452293211889294,0.1149050708073815,0.0,0.0,-0.0,-0.0,-0.0,-0.0,-0.0,-0.0,0.0,0.0,0.0,0.16048076917615928,-0.0
2018-06-12,0.17537557532867587,0.0,0.06103916632569575,0.0,-0.11735587863058167,0.17095745319975203,-0.0,0.0,0.0,-0.0,0.019186857135622397,-0.057405196173122744,-0.0,0.018461674681525635,-0.0,0.13241626884675617,0.08946402471195042,0.0,0.003597606108891215,-0.0036088403535476732,-0.003595996477475561,-0.0,-0.0,-0.0,-0.0,0.0,0.0,0.0,0.14753546202640277,0.0
2018-06-13,0.17659687033746266,0.0,0.057515895627345374,0.0,-0.10342206725772382,0.18764148987816298,-0.0,0.0,0.0,-0.0,0.005611046078248999,-0.03200594080661809,0.0,0.04881841588424411,-0.0,0.12889259777814033,0.08979402229174215,0.0,0.0,-0.0,-0.0,-0.0,-0.0,-0.0,-0.0,0.0,0.0,0.0,0.1697016540603117,0.0
2018-06-14,0.2190728163981173,0.0,0.05475236906113057,0.0,-0.06476210954984464,0.2016782598070096,-0.0,0.0,0.0,0.0,0.0,-0.0,0.0,0.09942884890046207,0.0,0.1481735383598769,0.07443197271273609,0.0,0.0,-0.0,-0.0,-0.0,-0.0,0.0,-0.0,0.0,0.0,0.0,0.137700085210823,0.0
2018-06-15,0.22772149044855605,0.0,0.0,-0.0,-0.0,0.29032238543498334,-0.0,-0.0,0.0,-0.0,0.0,-0.0,-0.0,0.2264297856835756,-0.0,0.24593421000202154,0.0,0.0,0.0,-0.0,-0.0,-0.0,-0.0,-0.0,-0.0,0.0,0.0,-0.0,0.009592128430863456,0.0
2018-06-19,0.23381153037196964,0.0,0.0,-0.0,-0.0,0.37306014114735864,-0.0,-0.0,0.0,-0.0,0.0,-0.0,-0.0,0.05651313859020146,-0.0,0.21870838102172355,0.0,-0.0,0.0,-0.0,-0.0,-0.0,-0.0,-0.0,-0.0,0.0,0.0,-0.0,0.11790680886874673,0.0
2018-06-20,0.0,0.0,0.0,0.0,0.0,0.0,0.0,0.0,0.0,0.0,0.0,0.0,0.0,0.0,0.0,0.0,0.0,0.0,0.0,0.0,0.0,0.0,0.0,0.0,0.0,0.0,0.0,0.0,0.0,0.0
2018-06-21,0.29862093927550104,0.0,0.0,-0.0,-0.0,0.41072206727567695,-0.0,-0.0,0.0,-0.0,0.0,-0.0,-0.0,0.0,-0.0,0.0,0.033684665157849146,0.0,0.0,-0.0,-0.0,-0.0,-0.0,-0.0,-0.0,0.0,0.0,-0.0,0.2569723282909729,0.0
2018-06-22,0.27809224095020674,0.0,0.036586233331847844,-0.0,-0.08012125579193903,0.27783429727188885,-0.0,-0.0,0.0,0.0,0.0,-0.0,0.0,0.0,0.0,0.06226015214796539,0.11032005670780713,0.0,0.0,-0.0,-0.0,-0.0,-0.0,-0.0,-0.0,0.0,0.0,0.0,0.1547857637983451,-0.0
2018-06-25,0.32842771599782955,0.0,0.073992020259466,0.0,-0.1094828327601077,0.21543934026384343,-0.0,0.0,0.0,0.0,0.0,-0.0,0.0,0.0,0.0,0.0,0.158645876756288,0.0,0.0,-0.0,-0.0,-0.0,-0.0,-0.0,-0.0,0.0,0.0,0.0,0.11401221396246532,-0.0
2018-06-26,0.29066312257815785,0.0,0.11699642269131402,0.0,-0.14584861911792946,0.15154693108049197,-0.0,0.0,0.0,0.0,0.0,-0.0,0.0,0.0,0.0,0.0,0.1971194040393035,0.0,0.0,-0.0,-0.0,-0.0,-0.0,-0.0,-0.0,0.0,0.0,0.0,0.09782550049280331,-0.0
2018-06-27,0.6318678995284435,-0.0,0.0,0.0,-0.0,0.0,-0.0,0.0,-0.0,0.0,0.0,-0.0,0.0,0.0,0.0,0.0,0.36813210047155653,0.0,0.0,-0.0,-0.0,-0.0,-0.0,-0.0,-0.0,0.0,0.0,0.0,0.0,-0.0
2018-06-28,0.3204841721428298,0.0,0.14500799661967778,0.0,-0.11435429266915123,0.1265949342606973,-0.0,0.0,-0.0,0.0,0.0,-0.0,0.0,0.0,0.0,0.0,0.2723379194347187,0.0,0.0,-0.0,-0.0,-0.0,-0.0,-0.0,-0.0,0.0,0.0,0.0,0.02122068487292503,-0.0
2018-06-29,0.3562032735912756,0.0,0.09951275376677808,0.0,-0.11724529972883205,0.14306778590165384,-0.0,0.0,-0.0,0.0,0.0,-0.0,0.0,0.0,0.0,0.0,0.27181497479824346,0.0,0.0,-0.0,-0.0,-0.0,-0.0,-0.0,-0.0,0.0,0.0,0.0,0.012155912213216989,-0.0
2018-07-02,0.3672545358151132,-0.0,0.0,0.0,-0.0,0.0,-0.0,0.0,-0.0,0.0,0.0,-0.0,0.04870092540155627,0.0,0.0,0.0,0.43416990473647116,0.0,0.0,-0.0,-0.0,-0.0,-0.0,-0.0,-0.0,0.0,0.14987463404685938,0.0,0.0,0.0
2018-07-03,0.4215027795326922,-0.0,0.0,0.0,-0.0,0.0,-0.0,0.0,-0.0,0.0,0.0,-0.0,0.0,0.0,0.0,0.0,0.5784972204673078,0.0,0.0,-0.0,-0.0,-0.0,-0.0,-0.0,-0.0,0.0,0.0,0.0,0.0,0.0
2018-07-04,0.32908447804652396,0.0,0.17845217789284654,0.0,-0.0,0.0,-0.0,0.0,-0.0,0.0,0.0,-0.0,0.0,0.0,0.0,0.0,0.4924633440606295,0.0,0.0,-0.0,-0.0,-0.0,-0.0,-0.0,-0.0,0.0,0.0,0.0,0.0,-0.0
2018-07-05,0.08951565929269857,-0.0,0.0,0.0,-0.0,0.0,-0.0,0.0,-0.0,0.0,0.0,-0.0,0.0,0.0,0.0,0.0,0.9104843407073014,0.0,0.0,-0.0,-0.0,-0.0,-0.0,-0.0,-0.0,0.0,0.0,0.0,0.0,0.0
2018-07-06,0.045160091280528454,-0.0,0.0,0.0,-0.0,0.0,0.0,0.0,-0.0,0.0,0.0,-0.0,0.0,0.0,0.0,0.0,0.9548399087194716,0.0,0.0,-0.0,-0.0,-0.0,-0.0,-0.0,-0.0,0.0,0.0,0.0,0.0,0.0
2018-07-09,0.25773920178288284,-0.0,0.1415963530839226,0.0,-0.0,0.10095655659543051,-0.0,0.0,-0.0,0.0,0.0,-0.0,0.0,-0.0,0.0,0.0,0.49970788853776404,0.0,0.0,-0.0,-0.0,-0.0,-0.0,-0.0,-0.0,0.0,0.0,0.0,0.0,-0.0
2018-07-10,0.2003503706784209,-0.0,0.0,0.0,-0.0,0.0,-0.0,0.0,-0.0,0.0,0.0,-0.0,0.0,-0.0,0.0,0.0,0.7996496293215791,0.0,0.0,-0.0,-0.0,-0.0,-0.0,-0.0,-0.0,0.0,0.0,0.0,0.0,-0.0
2018-07-11,0.21382656742948003,-0.0,0.0,0.0,-0.0,0.0,0.0,0.0,-0.0,0.0,0.0,-0.0,0.0,-0.0,0.0,0.0,0.78617343257052,0.0,0.0,-0.0,-0.0,-0.0,-0.0,-0.0,-0.0,0.0,0.0,0.0,0.0,0.0
2018-07-12,0.0,-0.07517362208470502,0.0,0.0,-0.0,0.0,0.0,0.0,-0.0,0.0,-0.0,0.0,0.0,-0.0,0.0,-0.0,0.6856682627328571,0.0,0.0,-0.0,-0.0,-0.0,-0.23915811518243787,-0.0,0.0,0.0,0.0,0.0,0.0,0.0
2018-07-13,0.0,-0.017872086696700488,0.0,0.0,-0.0,0.0,0.0,0.0,-0.0,0.0,0.0,0.0,0.0,-0.0,0.0,-0.0,0.7571512994532505,0.0,0.0,-0.0,-0.0,-0.0,-0.224976613850049,-0.0,0.0,0.0,0.0,0.0,0.0,0.0
2018-07-16,0.0,-0.0,0.0,0.0,-0.0,0.0,-0.0,0.0,-0.0,0.0,0.0,-0.0,0.0,-0.0,0.0,-0.0,0.9400239919890674,0.0,0.0,-0.0,-0.0,-0.0,-0.059976008010932655,-0.0,0.0,0.0,0.0,0.0,0.0,0.0
2018-07-17,0.0,-0.0,0.0,0.0,-0.0,0.0,-0.0,0.0,-0.0,0.0,0.0,-0.0,0.0,-0.0,0.0,-0.0,1.0,0.0,0.0,-0.0,-0.0,-0.0,-0.0,-0.0,0.0,0.0,0.0,0.0,0.0,0.0
2018-07-18,0.0,-0.0,0.0,-0.0,-0.0,0.0,-0.0,0.0,-0.0,0.0,0.0,-0.0,0.0,-0.0,0.0,-0.0,0.6837412869756921,0.0,0.0,-0.0,-0.0,-0.0,-0.3162587130243079,-0.0,0.0,0.0,0.0,0.0,0.0,0.0
2018-07-19,0.0,-0.0,0.0,-0.0,-0.0,0.0,-0.0,0.0,-0.0,0.0,0.0,-0.0,0.0,-0.0,0.0,-0.0,1.0,0.0,0.0,-0.0,-0.0,-0.0,-0.0,-0.0,0.0,0.0,0.0,0.0,0.0,-0.0
2018-07-20,0.0,-0.0,0.0,0.0,-0.0,0.0,-0.0,0.0,-0.0,0.0,0.0,-0.0,0.0,-0.0,0.0,-0.0,1.0,0.0,0.0,-0.0,-0.0,-0.0,-0.0,-0.0,0.0,0.0,0.0,0.0,0.0,-0.0
2018-07-23,0.0,-0.0,0.2064845069667049,0.0,-0.0,0.0,-0.0,0.0,-0.0,0.0,0.0,-0.0,0.0,-0.0,0.0,-0.0,0.793515493033295,0.0,0.0,-0.0,-0.0,-0.0,-0.0,-0.0,0.0,0.0,0.0,0.0,0.0,-0.0
2018-07-24,0.0,-0.0,0.27569462217236707,0.0,-0.0,0.0,-0.0,0.0,-0.0,0.0,0.0,-0.0,0.0,-0.0,0.0,-0.0,0.7064749890883592,0.01783038873927372,0.0,-0.0,-0.0,-0.0,-0.0,-0.0,-0.0,0.0,0.0,0.0,0.0,-0.0
2018-07-25,0.0,-0.0,0.30860713658668204,0.0,-0.0,0.0,-0.0,0.0,-0.0,0.0,0.0,-0.0,0.0,-0.0,0.0,-0.0,0.6346683640107704,0.05672449940254758,0.0,-0.0,-0.0,-0.0,-0.0,-0.0,0.0,0.0,0.0,0.0,0.0,-0.0
2018-07-26,0.0,-0.0,0.0,0.0,-0.0,0.0,-0.0,0.0,-0.0,0.0,0.0,-0.0,0.0,-0.0,0.0,-0.0,1.0,0.0,0.0,-0.0,-0.0,-0.0,-0.0,-0.0,0.0,0.0,0.0,0.0,0.0,-0.0
2018-07-27,0.0,-0.0,0.0,0.0,-0.0,0.0,-0.0,0.0,-0.0,0.0,0.0,-0.0,0.0,-0.0,0.0,-0.0,1.0,0.0,0.0,-0.0,-0.0,-0.0,-0.0,-0.0,0.0,0.0,0.0,0.0,0.0,-0.0
2018-07-30,0.0,0.0,0.0,0.0,0.0,0.0,0.0,0.0,0.0,0.0,0.0,0.0,0.0,0.0,0.0,0.0,0.0,0.0,0.0,0.0,0.0,0.0,0.0,0.0,0.0,0.0,0.0,0.0,0.0,0.0
2018-07-31,0.0,0.0,0.0,0.0,0.0,0.0,0.0,0.0,0.0,0.0,0.0,0.0,0.0,0.0,0.0,0.0,0.0,0.0,0.0,0.0,0.0,0.0,0.0,0.0,0.0,0.0,0.0,0.0,0.0,0.0
2018-08-01,0.0,0.0,0.0,0.0,0.0,0.0,0.0,0.0,0.0,0.0,0.0,0.0,0.0,0.0,0.0,0.0,0.0,0.0,0.0,0.0,0.0,0.0,0.0,0.0,0.0,0.0,0.0,0.0,0.0,0.0
2018-08-02,0.0,0.0,0.0,0.0,0.0,0.0,0.0,0.0,0.0,0.0,0.0,0.0,0.0,0.0,0.0,0.0,0.0,0.0,0.0,0.0,0.0,0.0,0.0,0.0,0.0,0.0,0.0,0.0,0.0,0.0
2018-08-03,0.0,0.0,0.0,0.0,0.0,0.0,0.0,0.0,0.0,0.0,0.0,0.0,0.0,0.0,0.0,0.0,0.0,0.0,0.0,0.0,0.0,0.0,0.0,0.0,0.0,0.0,0.0,0.0,0.0,0.0
2018-08-06,0.0,0.0,0.0,0.0,0.0,0.0,0.0,0.0,0.0,0.0,0.0,0.0,0.0,0.0,0.0,0.0,0.0,0.0,0.0,0.0,0.0,0.0,0.0,0.0,0.0,0.0,0.0,0.0,0.0,0.0
2018-08-07,0.0,0.0,0.0,0.0,0.0,0.0,0.0,0.0,0.0,0.0,0.0,0.0,0.0,0.0,0.0,0.0,0.0,0.0,0.0,0.0,0.0,0.0,0.0,0.0,0.0,0.0,0.0,0.0,0.0,0.0
2018-08-08,0.0,0.0,0.0,0.0,0.0,0.0,0.0,0.0,0.0,0.0,0.0,0.0,0.0,0.0,0.0,0.0,0.0,0.0,0.0,0.0,0.0,0.0,0.0,0.0,0.0,0.0,0.0,0.0,0.0,0.0
2018-08-09,0.0,0.0,0.0,0.0,0.0,0.0,0.0,0.0,0.0,0.0,0.0,0.0,0.0,0.0,0.0,0.0,0.0,0.0,0.0,0.0,0.0,0.0,0.0,0.0,0.0,0.0,0.0,0.0,0.0,0.0
2018-08-10,0.0,0.0,0.0,0.0,0.0,0.0,0.0,0.0,0.0,0.0,0.0,0.0,0.0,0.0,0.0,0.0,0.0,0.0,0.0,0.0,0.0,0.0,0.0,0.0,0.0,0.0,0.0,0.0,0.0,0.0
2018-08-13,0.0,0.0,0.0,0.0,0.0,0.0,0.0,0.0,0.0,0.0,0.0,0.0,0.0,0.0,0.0,0.0,0.0,0.0,0.0,0.0,0.0,0.0,0.0,0.0,0.0,0.0,0.0,0.0,0.0,0.0
2018-08-14,0.0,0.0,0.0,0.0,0.0,0.0,0.0,0.0,0.0,0.0,0.0,0.0,0.0,0.0,0.0,0.0,0.0,0.0,0.0,0.0,0.0,0.0,0.0,0.0,0.0,0.0,0.0,0.0,0.0,0.0
2018-08-15,0.0,0.0,0.0,0.0,0.0,0.0,0.0,0.0,0.0,0.0,0.0,0.0,0.0,0.0,0.0,0.0,0.0,0.0,0.0,0.0,0.0,0.0,0.0,0.0,0.0,0.0,0.0,0.0,0.0,0.0
2018-08-16,0.0,0.0,0.0,0.0,0.0,0.0,0.0,0.0,0.0,0.0,0.0,0.0,0.0,0.0,0.0,0.0,0.0,0.0,0.0,0.0,0.0,0.0,0.0,0.0,0.0,0.0,0.0,0.0,0.0,0.0
2018-08-17,0.0,0.0,0.0,0.0,0.0,0.0,0.0,0.0,0.0,0.0,0.0,0.0,0.0,0.0,0.0,0.0,0.0,0.0,0.0,0.0,0.0,0.0,0.0,0.0,0.0,0.0,0.0,0.0,0.0,0.0
2018-08-20,0.0,0.0,0.0,0.0,0.0,0.0,0.0,0.0,0.0,0.0,0.0,0.0,0.0,0.0,0.0,0.0,0.0,0.0,0.0,0.0,0.0,0.0,0.0,0.0,0.0,0.0,0.0,0.0,0.0,0.0
2018-08-21,0.0,0.0,0.0,0.0,0.0,0.0,0.0,0.0,0.0,0.0,0.0,0.0,0.0,0.0,0.0,0.0,0.0,0.0,0.0,0.0,0.0,0.0,0.0,0.0,0.0,0.0,0.0,0.0,0.0,0.0
2018-08-22,0.0,0.0,0.0,0.0,0.0,0.0,0.0,0.0,0.0,0.0,0.0,0.0,0.0,0.0,0.0,0.0,0.0,0.0,0.0,0.0,0.0,0.0,0.0,0.0,0.0,0.0,0.0,0.0,0.0,0.0
2018-08-23,0.0,0.0,0.0,0.0,-1.0,0.0,-0.0,0.0,0.0,0.0,0.0,-0.0,0.0,0.0,0.0,0.0,0.0,0.0,0.0,-0.0,-0.0,0.0,0.0,0.0,-0.0,0.0,0.0,0.0,0.0,-0.0
2018-08-24,0.0,0.0,0.0,0.0,0.0,0.0,0.0,0.0,0.0,0.0,0.0,0.0,0.0,0.0,0.0,0.0,0.0,0.0,0.0,0.0,0.0,0.0,0.0,0.0,0.0,0.0,0.0,0.0,0.0,0.0
2018-08-27,0.0,-0.0,0.0,0.0,-0.5953880348963424,0.0,-0.0,0.0,-0.0,0.0,0.0,-0.07359839098523918,0.0,-0.0,0.3310135741184184,0.0,0.0,0.0,0.0,-0.0,-0.0,0.0,0.0,0.0,-0.0,0.0,0.0,0.0,0.0,-0.0
2018-08-28,0.0,-0.0,0.0,0.0,-0.0,0.0,-0.0,0.0,-0.0,0.0,0.0,-0.0,0.0,0.0,1.0,-0.0,0.0,0.0,0.0,-0.0,-0.0,0.0,0.0,0.0,-0.0,0.0,0.0,0.0,0.0,-0.0
2018-08-29,0.0,-0.0,0.0,0.0,-0.0,0.0,0.0,0.0,-0.0,0.0,0.0,-0.0,0.0,0.0,1.0,-0.0,0.0,0.0,0.0,-0.0,-0.0,0.0,0.0,0.0,-0.0,0.0,0.0,0.0,0.0,-0.0
2018-08-30,0.0,0.0,0.0,0.0,0.0,0.0,0.0,0.0,0.0,0.0,0.0,0.0,0.0,0.0,0.0,0.0,0.0,0.0,0.0,0.0,0.0,0.0,0.0,0.0,0.0,0.0,0.0,0.0,0.0,0.0
2018-08-31,0.0,-0.0,0.0,0.0,-0.0,0.0,0.0,0.0,-0.0,0.0,0.0,-0.0,0.0,0.0,1.0,-0.0,0.0,0.0,0.0,-0.0,-0.0,0.0,0.0,0.0,-0.0,0.0,0.0,0.0,0.0,-0.0
2018-09-03,0.0,0.0,0.0,0.0,0.0,0.0,0.0,0.0,0.0,0.0,0.0,0.0,0.0,0.0,0.0,0.0,0.0,0.0,0.0,0.0,0.0,0.0,0.0,0.0,0.0,0.0,0.0,0.0,0.0,0.0
2018-09-04,0.0,0.0,0.0,0.0,-0.0,0.0,-0.0,0.0,0.0,0.0,0.0,-0.0,0.0,0.0,1.0,0.0,0.0,0.0,0.0,-0.0,-0.0,0.0,0.0,0.0,-0.0,0.0,0.0,0.0,0.0,-0.0
2018-09-05,0.0,0.0,0.0,0.0,-0.0,0.0,-0.0,0.0,0.0,0.0,0.0,-0.0,0.0,0.0,1.0,0.0,0.0,0.0,0.0,-0.0,-0.0,0.0,0.0,0.0,-0.0,0.0,0.0,0.0,0.0,-0.0
2018-09-06,0.0,0.0,0.0,0.0,-0.0,0.0,-0.0,0.0,-0.0,0.0,0.0,-0.0,0.0,0.0,1.0,0.0,0.0,0.0,0.0,-0.0,-0.0,0.0,0.0,0.0,-0.0,0.0,0.0,0.0,0.0,-0.0
2018-09-07,0.0,0.0,0.0,0.0,-0.2071699289712771,0.0,-0.0,0.0,0.0,0.0,0.0,-0.47018515028723795,0.0,0.0,0.32264492074148493,0.0,0.0,0.0,0.0,-0.0,-0.0,0.0,0.0,0.0,-0.0,0.0,0.0,0.0,0.0,-0.0
2018-09-10,0.0,0.0,0.10139698615234455,0.0,-0.3092645073662272,0.0,-0.0,0.0,0.0,0.0,0.0,-0.3200105879237912,0.0,0.0,0.22670588947252332,0.0,0.0,0.02653085720113712,0.0,-0.0,-0.0,0.0,0.0,0.0,-0.014408822253957478,0.0016823496300191051,0.0,0.0,0.0,-0.0
2018-09-11,0.0,0.0,0.0,0.0,-0.2017076683355847,0.0,-0.0,0.0,0.0,0.0,0.0,-0.397547398021073,0.0,0.0,0.4007449336433423,0.0,0.0,0.0,0.0,-0.0,-0.0,0.0,0.0,0.0,-0.0,0.0,0.0,0.0,0.0,-0.0
2018-09-12,0.07473256189137426,0.0,0.0898670029149537,0.0,-0.180169421015351,0.03792228695593182,-0.0,0.0,0.0,0.019678277138416907,0.0,-0.11794019265585277,0.0,0.0,0.18839549048017343,0.0,0.025313800977504197,0.08691225932800992,0.0,-0.0,-0.0,0.0,0.0,0.0,-0.05743135039730377,0.12163735624512843,0.0,0.0,0.0,-0.0
2018-09-13,0.0,0.0,0.0,0.0,-0.11991361301650594,0.0,-0.0,0.0,0.0,0.0,0.0,-0.43318992591181804,0.0,0.0,0.3384176444662439,0.0,0.0,0.0,0.0,-0.0,-0.0,0.01902431093187679,0.0,0.0,-0.0,0.08945450567355535,0.0,0.0,0.0,-0.0
2018-09-14,0.0,0.0,0.0,-0.0,-0.0,0.0,-0.0,0.0,0.0,0.0,0.0,-1.0,-0.0,0.0,0.0,0.0,0.0,0.0,0.0,-0.0,-0.0,0.0,0.0,0.0,-0.0,0.0,0.0,0.0,0.0,-0.0
2018-09-17,0.0,0.0,0.0,-0.0,-0.0,0.0,-0.0,0.0,0.0,0.0,0.0,-0.7254992583690285,-0.0,0.2745007416309715,0.0,0.0,0.0,0.0,0.0,-0.0,-0.0,0.0,0.0,0.0,-0.0,0.0,-0.0,0.0,0.0,0.0
2018-09-18,0.0,0.0,0.0,-0.0,-0.0,0.0,-0.0,0.0,0.0,0.0,0.0,-0.9316260418786566,-0.0,0.0,0.0,0.06837395812134343,0.0,0.0,-0.0,0.0,0.0,0.0,0.0,0.0,-0.0,0.0,-0.0,0.0,0.0,0.0
2018-09-19,0.0,0.0,0.0,-0.0,-0.0,0.0,-0.0,0.0,0.0,0.0,0.0,-0.6157395889025639,-0.0,0.0,0.0,0.38426041109743614,0.0,0.0,-0.0,0.0,0.0,0.0,0.0,0.0,-0.0,0.0,-0.0,-0.0,0.0,0.0
2018-09-20,0.0,0.0,0.0,-0.0,-0.0,0.0,-0.0,0.0,0.0,0.0,0.0,-1.0,-0.0,0.0,0.0,0.0,0.0,0.0,-0.0,0.0,0.0,0.0,0.0,0.0,-0.0,0.0,-0.0,-0.0,0.0,0.0
2018-09-21,0.0,0.08226526646162871,0.0,-0.0,-0.023466268862451695,0.0,-0.0,0.0,0.0,0.0,0.0,-0.4259787876517738,-0.0,0.0,0.0,0.3995646675117437,0.0,0.0,0.0,-0.0,-0.0,0.029894533107991412,0.0,0.03883047640441068,-0.0,0.0,-0.0,-0.0,0.0,-0.0
2018-09-25,0.0,0.054518830081646485,0.0,-0.0,-0.1407217195853317,0.06424443694370055,-0.0,0.0,0.0,0.0,0.052327208645936374,-0.28441970596171945,-0.0,0.0,0.0,0.1915092198319569,0.0,0.0,0.0,-0.0,-0.0,0.04143806519886275,0.0,0.053095778279040974,-0.11049813129790304,0.007226904173901737,-0.0,-0.0,0.0,-0.0
2018-09-26,0.0,0.0,0.0,-0.0,-0.11535068076035294,0.0021543591645543426,-0.0,-0.0,0.0,-0.0,0.0,-0.6016947937761244,-0.0,0.0,0.0,0.2656709241872106,0.0,0.0,0.0,-0.0,-0.0,0.0,0.0,0.0,-0.015129242111757585,0.0,-0.0,-0.0,0.0,-0.0
2018-09-27,0.0,0.0,0.0,-0.0,-0.0,0.0,-0.0,-0.0,0.0,0.0,0.0,-1.0,-0.0,0.0,0.0,0.0,0.0,0.0,-0.0,0.0,0.0,0.0,0.0,0.0,-0.0,0.0,-0.0,-0.0,0.0,0.0
2018-09-28,0.0,0.0,0.0,-0.0,-0.0,0.0,-0.0,-0.0,0.0,-0.0,0.0,-1.0,-0.0,0.0,0.0,0.0,0.0,0.0,0.0,-0.0,-0.0,0.0,0.0,0.0,-0.0,0.0,-0.0,-0.0,0.0,0.0
2018-10-08,0.0,0.0,0.0,-0.0,-0.0,0.0,-0.0,-0.0,0.0,-0.0,0.0,-1.0,-0.0,0.0,0.0,0.0,-0.0,-0.0,-0.0,0.0,0.0,0.0,0.0,0.0,-0.0,0.0,-0.0,-0.0,-0.0,0.0
2018-10-09,0.0,0.0,0.0,0.0,0.0,0.0,0.0,0.0,0.0,0.0,0.0,0.0,0.0,0.0,0.0,0.0,0.0,0.0,0.0,0.0,0.0,0.0,0.0,0.0,0.0,0.0,0.0,0.0,0.0,0.0
2018-10-10,0.0,0.0,0.0,0.0,0.0,0.0,0.0,0.0,0.0,0.0,0.0,0.0,0.0,0.0,0.0,0.0,0.0,0.0,0.0,0.0,0.0,0.0,0.0,0.0,0.0,0.0,0.0,0.0,0.0,0.0
2018-10-11,-0.0,0.0,-0.0,-0.5990315632747553,-0.0,-0.0,0.0,-0.0,-0.0,-0.0,-0.0,-0.0,-0.40096843672524474,-0.0,-0.0,0.0,-0.0,-0.0,-0.0,0.0,0.0,0.0,-0.0,0.0,0.0,-0.0,-0.0,-0.0,-0.0,0.0
2018-10-12,-0.0,0.0,-0.0,-0.5462498887599514,-0.0,0.0,0.0,-0.0,-0.0,-0.0,0.0,-0.09927790144398227,-0.35447220979606636,0.0,-0.0,0.0,-0.0,-0.0,-0.0,0.0,0.0,0.0,-0.0,0.0,-0.0,-0.0,-0.0,-0.0,-0.0,0.0
2018-10-15,-0.0,0.0,-0.0,-0.5599613658571949,-0.0,-0.0,0.0,-0.0,0.0,-0.0,-0.0,-0.04467417662635858,-0.3953644575164465,0.0,-0.0,0.0,-0.0,-0.0,-0.0,0.0,0.0,0.0,-0.0,0.0,0.0,-0.0,-0.0,-0.0,-0.0,0.0
2018-10-16,-0.0,0.0,-0.0,-0.6499616004490237,-0.0,-0.0,0.0,-0.0,0.0,-0.0,-0.0,-0.010252924625973952,-0.33978547492500233,0.0,-0.0,0.0,-0.0,-0.0,-0.0,0.0,0.0,0.0,0.0,0.0,-0.0,-0.0,-0.0,-0.0,-0.0,0.0
2018-10-17,-0.0,0.0,-0.0,-0.18531221748259344,-0.0,0.0,0.0,-0.0,0.0,-0.0,-0.0,-0.8146877825174066,-0.0,0.0,-0.0,0.0,-0.0,-0.0,-0.0,0.0,0.0,0.0,0.0,0.0,-0.0,-0.0,-0.0,-0.0,-0.0,0.0
2018-10-18,-0.0,0.0,-0.0,-0.0,-0.0,0.0,0.0,-0.0,0.0,-0.0,0.0,-1.0,-0.0,-0.0,-0.0,0.0,-0.0,-0.0,-0.0,0.0,0.0,0.0,-0.0,0.0,-0.0,-0.0,-0.0,-0.0,-0.0,0.0
2018-10-19,0.0,0.0,0.0,0.0,0.0,0.0,0.0,0.0,0.0,0.0,0.0,0.0,0.0,0.0,0.0,0.0,0.0,0.0,0.0,0.0,0.0,0.0,0.0,0.0,0.0,0.0,0.0,0.0,0.0,0.0
2018-10-22,-0.0,0.0,-0.0,-0.0,-0.0,0.0,0.0,-0.0,-0.0,-0.0,-0.0,-0.0,-0.0,-0.0,-0.0,0.0,-0.0,-0.0,-0.3334963665301111,0.3334236746818521,0.33307995878803676,0.0,-0.0,0.0,0.0,-0.0,-0.0,-0.0,-0.0,0.0
2018-10-23,-0.0,0.0,-0.0,-0.21096218474211786,-0.0,0.0,0.0,-0.0,-0.0,-0.0,-0.0,-0.0,-0.029020393200147414,-0.0,-0.0,0.0,-0.0,-0.0,-0.2225925769936163,0.22258193839936968,0.22253127659904287,-0.0,-0.0,0.0,0.0,-0.0,-0.0,-0.0,-0.0,0.09231163006570595
2018-10-24,-0.0007355812844507218,0.0,-0.0,-0.15174469418587816,0.0,-0.0,0.04631144745804727,-0.0,-0.0,-0.0,-0.0,-0.0,-0.04529397955099343,-0.0,-0.0,0.0,-0.01733893274603945,-0.0,-0.19155835256973253,0.19154685175420166,0.19151838157485196,-0.0,-0.0,-0.0,0.0,-0.0,-0.02791588358755338,-0.006388642782682747,-0.0,0.12964725250556863
2018-10-25,-0.0,0.0,-0.0,-0.24204677206298003,0.0,-0.0,0.0,-0.0,-0.0,-0.0,-0.0,-0.0,-0.04254047306117017,-0.0,-0.0,0.0,-0.0,-0.0,-0.20083967935715155,0.20080340703865673,0.2007762814905941,-0.0,-0.0,-0.0,0.0,-0.0,-0.0,-0.0,-0.0,0.11299338698944755
2018-10-26,-0.0,0.0,-0.0,-0.22713746178813266,0.0,-0.0,0.0,-0.0,-0.0,-0.0,-0.0,-0.0,-0.0,-0.0,-0.0,0.0,-0.0,-0.0,-0.21305308759152528,0.21301862714704414,0.2129876723082645,-0.0,-0.0,-0.0,0.0,-0.0,-0.0,-0.0,-0.0,0.13380315116503344
2018-10-29,-0.0,0.0,-0.0,-0.2252038596925699,0.0,-0.0,0.0,-0.0,-0.0,-0.0,-0.0,-0.0,-0.0,-0.0,-0.0,0.0,-0.0,-0.0,-0.2158107338873807,0.2157656068776469,0.21573934101961822,-0.0,-0.0,-0.0,0.0,-0.0,-0.0,-0.0,-0.0,0.12748045852278428
2018-10-30,0.0,0.0,0.0,0.0,0.0,0.0,0.0,0.0,0.0,0.0,0.0,0.0,0.0,0.0,0.0,0.0,0.0,0.0,0.0,0.0,0.0,0.0,0.0,0.0,0.0,0.0,0.0,0.0,0.0,0.0
2018-10-31,0.0,0.0,0.0,0.0,0.0,0.0,0.0,0.0,0.0,0.0,0.0,0.0,0.0,0.0,0.0,0.0,0.0,0.0,0.0,0.0,0.0,0.0,0.0,0.0,0.0,0.0,0.0,0.0,0.0,0.0
2018-11-01,0.0,0.0,0.0,0.0,0.0,0.0,0.0,0.0,0.0,0.0,0.0,0.0,0.0,0.0,0.0,0.0,0.0,0.0,0.0,0.0,0.0,0.0,0.0,0.0,0.0,0.0,0.0,0.0,0.0,0.0
2018-11-02,0.0,0.0,0.0,0.0,0.0,0.0,0.0,0.0,0.0,0.0,0.0,0.0,0.0,0.0,0.0,0.0,0.0,0.0,0.0,0.0,0.0,0.0,0.0,0.0,0.0,0.0,0.0,0.0,0.0,0.0
2018-11-05,0.0,0.0,0.0,0.0,0.0,0.0,0.0,0.0,0.0,0.0,0.0,0.0,0.0,0.0,0.0,0.0,0.0,0.0,0.0,0.0,0.0,0.0,0.0,0.0,0.0,0.0,0.0,0.0,0.0,0.0
2018-11-06,0.0,0.0,0.0,0.0,0.0,0.0,0.0,0.0,0.0,0.0,0.0,0.0,0.0,0.0,0.0,0.0,0.0,0.0,0.0,0.0,0.0,0.0,0.0,0.0,0.0,0.0,0.0,0.0,0.0,0.0
2018-11-07,0.0,0.0,0.0,0.0,-0.3694976592481898,0.0,-0.0,0.052236961415953735,0.0,0.0,0.0,-0.0,0.0,-0.0,0.32673723777883235,0.0,0.0,0.18480293671187173,0.0,-0.0,-0.0,0.0,0.0,0.0,-0.0,0.0667252048451524,0.0,0.0,0.0,-0.0
2018-11-08,0.0,0.0,0.0,0.0,0.0,0.0,0.0,0.0,0.0,0.0,0.0,0.0,0.0,0.0,0.0,0.0,0.0,0.0,0.0,0.0,0.0,0.0,0.0,0.0,0.0,0.0,0.0,0.0,0.0,0.0
2018-11-09,0.0,0.0,0.0,0.0,0.0,0.0,0.0,0.0,0.0,0.0,0.0,0.0,0.0,0.0,0.0,0.0,0.0,0.0,0.0,0.0,0.0,0.0,0.0,0.0,0.0,0.0,0.0,0.0,0.0,0.0
2018-11-12,0.0,0.0,0.0,0.0,0.0,0.0,0.0,0.0,0.0,0.0,0.0,0.0,0.0,0.0,0.0,0.0,0.0,0.0,0.0,0.0,0.0,0.0,0.0,0.0,0.0,0.0,0.0,0.0,0.0,0.0
2018-11-13,-0.0,-0.0,-0.0,0.0,-0.0,0.0,0.0,0.0,-0.0,0.0,-0.0,0.0,0.0,-0.0,0.0,0.0,-0.0,-0.0,-0.3332291464835899,0.33356369890424103,0.33320715461216904,-0.0,-0.0,-0.0,0.0,-0.0,-0.0,0.0,-0.0,0.0
2018-11-14,-0.0,-0.0,-0.0,0.0,-0.0,-0.0,0.0,0.0,-0.0,0.0,-0.0,0.0,0.0,-0.0,-0.0,-0.0,-0.0,-0.0,-0.33299618613381465,0.33384201384764267,0.3331618000185426,-0.0,-0.0,-0.0,0.0,-0.0,0.0,0.0,-0.0,0.0
2018-11-15,-0.0,-0.0,-0.0,0.0,-0.0,-0.0,0.0,0.0,-0.0,0.0,-0.0,0.0,0.0,-0.0,-0.0,-0.0,-0.0,-0.0,-0.3331091979195346,0.3336779072238052,0.3332128948566602,-0.0,-0.0,-0.0,0.0,-0.0,0.0,0.0,-0.0,0.0
2018-11-16,-0.0,-0.0,-0.0,0.0,0.0,-0.0,0.0,0.0,-0.0,0.0,-0.0,0.0,0.0,-0.0,-0.0,-0.0,-0.0,-0.0,-0.33331668990409136,0.3334344885081012,0.3332488215878074,-0.0,-0.0,-0.0,0.0,-0.0,0.0,0.0,-0.0,0.0
2018-11-19,0.0,0.0,0.0,0.0,0.0,0.0,0.0,0.0,0.0,0.0,0.0,0.0,0.0,0.0,0.0,0.0,0.0,0.0,0.0,0.0,0.0,0.0,0.0,0.0,0.0,0.0,0.0,0.0,0.0,0.0
2018-11-20,0.0,0.0,0.0,0.0,0.0,0.0,0.0,0.0,0.0,0.0,0.0,0.0,0.0,0.0,0.0,0.0,0.0,0.0,0.0,0.0,0.0,0.0,0.0,0.0,0.0,0.0,0.0,0.0,0.0,0.0
2018-11-21,0.0,0.0,0.0,0.0,0.0,0.0,0.0,0.0,0.0,0.0,0.0,0.0,0.0,0.0,0.0,0.0,0.0,0.0,0.0,0.0,0.0,0.0,0.0,0.0,0.0,0.0,0.0,0.0,0.0,0.0
2018-11-22,0.0,0.0,0.0,0.0,0.0,0.0,0.0,0.0,0.0,0.0,0.0,0.0,0.0,0.0,0.0,0.0,0.0,0.0,0.0,0.0,0.0,0.0,0.0,0.0,0.0,0.0,0.0,0.0,0.0,0.0
2018-11-23,0.0,0.0,0.0,0.0,0.0,0.0,0.0,0.0,0.0,0.0,0.0,0.0,0.0,0.0,0.0,0.0,0.0,0.0,0.0,0.0,0.0,0.0,0.0,0.0,0.0,0.0,0.0,0.0,0.0,0.0
2018-11-26,0.0,0.0,0.0,0.0,0.0,0.0,0.0,0.0,0.0,0.0,0.0,0.0,0.0,0.0,0.0,0.0,0.0,0.0,0.0,0.0,0.0,0.0,0.0,0.0,0.0,0.0,0.0,0.0,0.0,0.0
2018-11-27,0.0,0.0,0.0,0.0,0.0,0.0,0.0,0.0,0.0,0.0,0.0,0.0,0.0,0.0,0.0,0.0,0.0,0.0,0.0,0.0,0.0,0.0,0.0,0.0,0.0,0.0,0.0,0.0,0.0,0.0
2018-11-28,0.0,0.0,0.0,0.0,0.0,0.0,0.0,0.0,0.0,0.0,0.0,0.0,0.0,0.0,0.0,0.0,0.0,0.0,0.0,0.0,0.0,0.0,0.0,0.0,0.0,0.0,0.0,0.0,0.0,0.0
2018-11-29,0.0,0.0,0.0,0.0,0.0,0.0,0.0,0.0,0.0,0.0,0.0,0.0,0.0,0.0,0.0,0.0,0.0,0.0,0.0,0.0,0.0,0.0,0.0,0.0,0.0,0.0,0.0,0.0,0.0,0.0
2018-11-30,0.0,0.0,0.0,0.0,0.0,0.0,0.0,0.0,0.0,0.0,0.0,0.0,0.0,0.0,0.0,0.0,0.0,0.0,0.0,0.0,0.0,0.0,0.0,0.0,0.0,0.0,0.0,0.0,0.0,0.0
2018-12-03,0.0,0.0,0.0,0.0,-0.0,0.0,-0.0,0.0,0.0,0.0,0.0,-0.0,0.0,-0.0,0.0,0.0,0.0,0.0,-0.0,0.0,0.0,-0.0,-0.0,-0.0,0.0,0.0,0.0,1.0,0.0,-0.0
2018-12-04,0.0,0.0,0.0,0.0,0.0,0.0,0.0,0.0,0.0,0.0,0.0,0.0,0.0,0.0,0.0,0.0,0.0,0.0,0.0,0.0,0.0,0.0,0.0,0.0,0.0,0.0,0.0,0.0,0.0,0.0
2018-12-05,0.0,0.0,0.0,0.0,-0.0,0.0,0.0,0.0,0.0,0.0,0.0,-0.0,0.0,-0.0,0.0,0.0,0.0,0.0,-0.0,0.0,0.0,0.0,0.0,-0.0,0.0,0.0,0.0,1.0,0.0,-0.0
2018-12-06,0.0,0.0,0.0,0.0,-0.0,0.0,-0.0,0.19249504682419444,0.0,0.0,0.0,-0.0,0.1792041180470046,-0.0,0.0,0.0,0.0,0.0,-0.0,0.0,0.0,0.0,0.0,-0.0,0.0,0.0,0.1235188322994789,0.5047820028293221,0.0,-0.0
2018-12-07,0.0,0.0,0.0,0.0,-0.0,0.0,0.0,0.26761545839145046,0.0,0.0,0.0,-0.0,0.2655143476514673,-0.0,0.0,0.0,0.0,0.0,-0.0,0.0,0.0,0.0,0.0,0.0,0.0,0.0,0.0,0.46687019395708224,0.0,-0.0
2018-12-10,0.0,0.0,0.0,0.0,-0.0,0.0,-0.0,0.21476906609364382,0.0,0.0,0.0,-0.0,0.26909147362023117,-0.0,0.0,0.0,0.0,0.0,-0.0,0.0,0.0,0.0,0.0,-0.0,0.0,0.0,0.1191701225840227,0.39696933770210235,0.0,-0.0
2018-12-11,0.0,0.0,0.0,0.0,-0.0,0.0,-0.0,0.242223298279304,0.0,0.0,0.0,-0.0,0.2760504554197296,-0.0,0.0,0.0,0.0,0.0,-0.0,0.0,0.0,0.0,0.0,0.0,0.0,0.0,0.0963448932762222,0.3853813530247442,0.0,-0.0
2018-12-12,0.0,0.0,0.0,0.0,-0.0,0.0,-0.0,0.23772064287341518,0.0,0.0,0.0,0.0,0.16405066202926333,-0.0,0.0,0.0,0.0,0.0,-0.0,0.0,0.0,0.0,0.0,-0.0,0.0,0.0,0.1496050739972924,0.44862362110002907,0.0,-0.0
2018-12-13,0.0,0.0,0.0,0.12463620797605568,-0.0,0.0,0.0,0.31086453204586667,0.0,0.0,0.0,0.0,0.3292109702997608,-0.0,0.0,0.0,0.0,0.0,-0.0,0.0,0.0,0.0,0.0,-0.0,0.0,0.0,0.0,0.2352882896783169,-0.0,-0.0
2018-12-14,0.0,0.0,0.0,0.022450149509473948,-0.0,0.0,0.0,0.34391885375111303,0.0,0.0,0.0,0.0,0.40285734030084663,-0.0,0.0,0.0,0.0,0.0,-0.0,0.0,0.0,0.0,0.0,-0.0,0.0,0.0,0.0,0.23077365643856643,-0.0,-0.0
2018-12-17,0.0,0.0,0.0,0.1543531322630147,-0.0,0.0,-0.0,0.26931571590021297,0.0,0.03375414260335035,0.0,0.0,0.3034506176729676,-0.0,0.0,0.0,0.0,0.0,-0.0,0.0,0.0,0.0,0.0,-0.0,0.0,0.0,0.017681146268563954,0.22144524529189055,0.0,-0.0
2018-12-18,0.0,0.0,0.0,0.08593751880223699,-0.0,0.0,0.0,0.38836447586733097,0.0,0.0,0.0,0.0,0.4036250738293344,-0.0,0.0,0.0,0.0,0.0,-0.0,0.0,0.0,0.0,0.0,0.0,0.0,0.0,0.0,0.1220729315010977,-0.0,-0.0
2018-12-19,0.0,0.0,0.0,0.0,-0.0,0.0,0.0,0.2939785014782459,0.0,0.0,0.0,0.0,0.4974016133845118,-0.0,0.0,0.0,0.0,0.0,-0.0,0.0,0.0,0.0,0.0,-0.0,0.0,0.0,0.0,0.20861988513724233,-0.0,-0.0
2018-12-20,0.0,0.0,0.0,0.0,-0.0,0.0,0.0,0.35291912249564295,0.0,0.0,0.0,0.0,0.4583551753806255,-0.0,0.0,0.0,0.0,0.0,-0.0,0.0,0.0,0.0,0.0,-0.0,0.18872570212373158,0.0,0.0,0.0,-0.0,0.0
2018-12-21,0.0,0.0,0.0,0.0,-0.0,0.0,0.0,0.373503955640545,0.0,0.0,0.0,0.0,0.5127422599790247,-0.0,0.0,0.0,0.0,0.0,-0.0,0.0,0.0,0.0,0.0,-0.0,0.0,0.0,0.0,0.11375378438043031,-0.0,0.0
2018-12-24,0.0,0.0,0.0,0.0,-0.0,0.0,0.0,0.3655813046098513,0.0,0.0,0.0,0.0,0.40327568109817863,-0.0,0.0,0.0,0.0,0.0,-0.0,0.0,0.0,0.0,0.0,-0.0,0.1381032826801504,0.0,0.0,0.09303973161181972,-0.0,0.0
2018-12-25,0.0,0.0,0.0,0.0,-0.0,0.0,0.0,0.39870901613321097,0.0,0.0,0.0,0.0,0.335024048478921,-0.0,0.0,0.0,0.0,0.0,-0.0,0.0,0.0,0.0,0.0,-0.0,0.266266935387868,0.0,0.0,0.0,-0.0,0.0
2018-12-26,0.0,0.0,0.0,0.0,-0.0,0.0,0.0,0.559058439730888,0.0,0.0,0.0,0.0,0.27226063426385605,-0.0,0.0,0.0,0.0,0.0,-0.0,0.0,0.0,0.0,0.0,-0.0,0.168680926005256,0.0,0.0,0.0,-0.0,0.0
2018-12-27,0.0,0.0,0.0,0.0,-0.0,0.0,0.0,0.7500758525516141,0.0,0.0,0.0,0.0,0.2429046395251626,-0.0,0.0,0.0,0.0,0.0,-0.0,0.0,0.0,0.0,0.0,-0.0,0.0070195079232232395,0.0,0.0,0.0,-0.0,0.0
2018-12-28,0.0,0.0,0.0,0.0,-0.0,0.0,0.0,0.6552961565209869,0.0,0.0,0.0,0.0,0.344703843479013,-0.0,0.0,0.0,0.0,0.0,-0.0,0.0,0.0,0.0,0.0,-0.0,0.0,0.0,0.0,0.0,0.0,-0.0
2019-01-02,0.0,0.0,0.0,0.0,-0.0,0.0,0.0,0.5090317237681471,0.0,0.0,0.0,0.0,0.35873705515381255,-0.0,0.0,0.0,0.0,0.0,0.0,-0.0,-0.0,0.0,0.0,-0.0,0.0,0.0,0.0,0.1322312210780404,0.0,-0.0
2019-01-03,0.049950267239803565,0.0,0.0,0.11436068698724654,-0.028720542783269666,0.0,-0.0,0.24518378761580026,0.0,0.050561837403522686,0.0,0.0,0.2945283839646577,-0.0,0.0,0.0,0.0,0.0,0.0,-0.0,-0.0,0.0,0.0,-0.0,0.0,0.0,0.0,0.21669449400569948,0.0,-0.0
2019-01-04,0.10136897011959127,0.0,0.029857040525649352,0.09613728789712805,-0.07176763564174098,0.000682891472924057,-0.0,0.14772352751798867,0.0,0.08787762800237821,0.02552072799604549,-0.0,0.15739237332721787,0.0,0.04239607115999768,0.0,0.013161534246344727,0.02015141242026849,0.0,-0.0,-0.0,0.0,0.0,0.0,0.0,0.0089836854510582,0.05565288980284392,0.14132632441882295,0.0,-0.0
2019-01-07,0.07050961912095298,0.015020773580672024,0.03157720828012387,0.09296134503304647,-0.04494451828071102,0.0,-0.0,0.13525795975213256,0.023275620764183887,0.08473602202469031,0.028979016789963237,-0.0,0.1286666912735803,0.0,0.06070284327928361,0.0,0.015365284335018164,0.03845335239300277,0.0,-0.0,-0.0,0.0,0.008363695728453267,0.0,-0.0,0.03866915543408749,0.050407808060780934,0.11463778433728614,0.0,-0.01747130153203081
2019-01-08,0.06803237542398732,0.027009973505610525,0.04189395013005749,0.08049630258927941,-0.048202533841760056,0.017637547563426007,-0.0,0.10816606286647763,0.03286120175786773,0.07133105627869563,0.03963714727320876,-0.0,0.0975780674564031,0.0,0.05734130966834337,0.007048340136182781,0.029171990605533018,0.04151264805010727,0.0,-0.0,-0.0,0.007449312753369571,0.020480306295302404,0.0,-0.0,0.042426684001130754,0.04914049348800816,0.08900844539730574,0.0,-0.02357425091794321
2019-01-09,0.0637203598205869,0.022872512696009203,0.04504879647463412,0.07643341584473927,-0.050231204121731474,0.02411350976199825,-0.0005989799605966014,0.09588081592991779,0.026379887927096224,0.06722481610623907,0.04153935172893992,-0.0,0.08503231004205894,0.0,0.056191078613423616,0.014073614027095248,0.030902004641917176,0.0436694523926478,0.006974852192058976,-0.0072334860232139645,-0.007254320355499264,0.009599397099689815,0.02507364758033435,0.0,-0.0,0.04422107971113736,0.04866557557588031,0.08067270434406137,0.00044726471162060143,-0.025945562316872294
2019-01-10,0.06993070946293166,0.02075327181647364,0.04099854978206548,0.08513386157729388,-0.056978940858369444,0.02203254796156486,-0.0,0.11095416728693094,0.024917559963746703,0.07220913654299217,0.044761041901053004,-0.0,0.10044049751088185,0.0,0.057311780366225494,0.010624728031065896,0.020436188159971558,0.040320440209129935,0.0,-0.0,-0.0,0.004307684658049322,0.01973078597921116,0.0,-0.0,0.03997613351960555,0.04901540294526157,0.0912883877267092,0.0,-0.01787818374046671
2019-01-11,0.09435786823607126,0.028248177099704196,0.036533225960867756,0.08863207000337031,-0.079494357163931,0.02691563775436755,-0.0,0.13177604742645252,0.029086426133755026,0.06471261091045186,0.049744239119834194,-0.0,0.11069329424341488,0.0,0.050583390970675234,0.014283412465975373,0.005181425085379554,0.023455835956131054,0.0,-0.0,-0.0,0.0,0.007477012744818996,0.0,-0.0,0.03191165486610388,0.03398748196463787,0.0913437254600361,0.0,-0.0015821064340214856
2019-01-14,0.10840744337089711,0.035940316846949934,0.015157642403065849,0.09610304176912775,-0.09105160558874371,0.022884286290152437,-0.0,0.14683478486915674,0.012436459969201142,0.07020586959760278,0.03325883863871842,-0.0,0.13361527689453076,0.0,0.042534185166864975,0.011163721306215365,0.0,0.009963100944661931,0.0,-0.0,-0.0,0.0,0.0,0.0,-0.0,0.01964312887819807,0.03516196294654927,0.11061050639594279,0.0,-0.0050278281234207595
2019-01-15,0.09074185406641853,0.061298987397458725,0.0,0.09688532109743027,-0.07604037739226843,0.00893100236980174,-0.0,0.1649735325206613,0.051916424311475674,0.06642244584333658,0.045257701485892435,-0.0,0.13724544586722795,0.0,0.033087490555539396,0.011973830087625557,0.0,0.0,0.0,-0.0,-0.0,0.0,0.0,0.0,0.0,0.02317477487526287,0.017415584012246275,0.11335711479917894,0.0,-0.0012781133181754129
2019-01-16,0.07225163400801812,0.038440181118844875,0.005069844802040014,0.09546087138915309,-0.05976085316801934,0.017924557672327535,-0.0,0.14490607180268777,0.048590567311329165,0.06562602116127036,0.049690688107778345,-0.0,0.11701248077602917,0.0,0.04429065894882223,0.02211070805868932,0.0,0.01953972224607154,0.0,-0.0,-0.0,0.0,0.01175205765982512,0.0,0.0,0.04037516846525423,0.03398588328307621,0.09702507496313904,0.0,-0.016186955057624488
2019-01-17,0.0646223730627004,0.0,0.0,0.1274718684537718,-0.042505603004086415,0.0,-0.0,0.150957558139951,0.016459681043633052,0.08802555323368216,0.028893835052219288,-0.0,0.1486451150271381,0.0,0.054324993884556604,0.0,0.0,0.032482758009137996,0.0,-0.0,-0.0,0.0,0.003110295031245679,0.0,0.0,0.0484744678142252,0.042587049662814146,0.12357562097729964,0.0,-0.027863227603538585
2019-01-18,0.05815513530651179,0.01096655177237819,0.023089101465787836,0.09722057521637441,-0.04254319957349635,0.017793362561206734,-0.0,0.10304920008879336,0.025959194444949766,0.07707942714604439,0.036573765981262225,-0.0,0.10361624832168775,0.0,0.05801911184189429,0.01934438817701468,0.0030871543835332554,0.04877953592272334,0.0,-0.0,-0.0,0.0090474524713927,0.02441080521728902,0.0,-0.0,0.05634244034174953,0.04894995723138412,0.09434897748131688,0.0,-0.04162441505320941
2019-01-21,0.06076697480554334,0.013576403163850548,0.0243258151445455,0.09205716733081408,-0.04461536059908463,0.021108457121464412,-0.0,0.10469110058136165,0.032582110273218064,0.07313746219606558,0.041106581944513,-0.0,0.09496333356532706,0.0,0.0589924241689394,0.022553597216120297,0.0036650595385551246,0.047883397945618356,0.0,-0.0,-0.0,0.009601447343821174,0.02166091377384146,0.0,-0.0,0.060748722835193406,0.04537729176123033,0.08826673883219105,0.0,-0.038319639858701564
2019-01-22,0.06918622269487529,0.01646889727342975,0.02657948453057121,0.08653430479428321,-0.054858555619033765,0.02679870485647894,-0.0,0.0974421818961905,0.03756245631994273,0.06643547672789195,0.04643141261335257,-0.0,0.08971819275933107,0.0,0.05592905452242112,0.024849347363812585,0.001387648437781655,0.04455101075175253,0.0,-0.0,-0.0,0.007195799959929171,0.01952123054237058,0.0,-0.0,0.06840161321174715,0.03719976382917388,0.08428739046160133,0.0005387696463730805,-0.038122481187655925
2019-01-23,0.07795684444590566,0.036632858435696615,0.04002265000697862,0.0660257080226287,-0.06315259147696267,0.03517470777700364,-0.003007916448006354,0.07256182139930858,0.049806315413953715,0.048778854825129545,0.05719074549791859,-0.0,0.06675566656416995,0.0,0.04475758792053196,0.03825288134330384,0.012713376168258468,0.038449495390266895,0.004500194011818956,-0.004824688148218425,-0.0048579383404285725,0.00874209490420765,0.02450468210810339,0.0,-0.0,0.05694414337265739,0.033848064743543155,0.06529053321248092,0.007388584338660295,-0.03785905568385744
2019-01-24,0.10493889930640851,0.0342963264463428,0.01690505140272699,0.09677265110696087,-0.07826183741108249,0.031327325872164545,-0.0,0.11076876159705154,0.04007695381005954,0.05293766270871203,0.05468578423442493,-0.0,0.11047129209936751,0.0,0.038739035115563696,0.03495544686483497,0.0,0.014867460804008937,0.0,-0.0,-0.0,0.0,0.001593183154446611,0.0,0.0,0.06846096881974832,0.003298640537223477,0.09252405385409308,0.0,-0.014118664854779172
2019-01-25,0.17178091537568235,0.07811265437419432,0.0,0.07860198528206272,-0.09521524011475548,0.0,-0.0,0.12383366212413154,0.0624420809660147,0.0,0.05681799578954626,-0.0,0.1310046632309108,0.0,0.0,0.026377255463472818,0.0,0.0,0.0,-0.0,-0.0,0.0,0.0,0.0,0.0,0.07781134181057617,0.0,0.09800220546865271,0.0,-0.0
2019-01-28,0.1921579102521674,0.5770835598172396,0.0,0.0,-0.0,0.0,0.0,0.0,0.0,0.0,0.0,0.0,0.0,0.10783656915265796,0.0,0.12292196077793505,0.0,0.0,-0.0,0.0,0.0,0.0,0.0,0.0,0.0,0.0,0.0,0.0,0.0,-0.0
2019-01-29,0.05264290212456663,0.5128244831813341,0.0,0.0,-0.0,0.0,0.0,0.0,0.0,0.0,0.0,0.0,0.0,0.43453261469409926,0.0,0.0,0.0,0.0,-0.0,0.0,0.0,0.0,0.0,0.0,0.0,0.0,0.0,0.0,0.0,-0.0
2019-01-30,0.0,0.0,0.0,0.0,0.0,0.0,0.0,0.0,0.0,0.0,0.0,0.0,0.0,0.0,0.0,0.0,0.0,0.0,0.0,0.0,0.0,0.0,0.0,0.0,0.0,0.0,0.0,0.0,0.0,0.0
2019-01-31,0.0,0.0,0.0,0.0,0.0,0.0,0.0,0.0,0.0,0.0,0.0,0.0,0.0,0.0,0.0,0.0,0.0,0.0,0.0,0.0,0.0,0.0,0.0,0.0,0.0,0.0,0.0,0.0,0.0,0.0
2019-02-01,0.06268978780246717,0.0,0.0,0.0,-0.9373102121975329,0.0,0.0,0.0,0.0,0.0,0.0,-0.0,0.0,0.0,0.0,0.0,0.0,0.0,0.0,-0.0,-0.0,0.0,0.0,-0.0,0.0,0.0,0.0,0.0,0.0,-0.0
2019-02-11,0.3627921711240742,0.12374111510537736,0.0,0.030269039493183502,-0.3530242347707349,0.0,-0.0,0.0,0.0,0.0,0.0,-0.0,0.0364341455931419,0.0,0.0,0.09373929391348813,0.0,0.0,0.0,-0.0,-0.0,0.0,0.0,0.0,-0.0,0.0,0.0,0.0,0.0,-0.0
2019-02-12,0.375132295957858,0.0,0.0,0.020663097166660066,-0.15940912131107215,0.0,-0.0,0.10268891194920918,0.025515793288255376,0.0,0.014034105923577626,-0.0,0.03564329144821622,0.0,0.0,0.0,0.0,0.0,0.0,-0.0,-0.0,0.0,0.0,0.0,0.0,0.2669133829551513,0.0,0.0,0.0,-0.0
2019-02-13,0.3084449836059247,0.0,0.0,0.015205384999761698,-0.0,0.0,-0.0,0.1280289274443404,0.0,0.0,0.0,-0.0,0.011682833633916319,0.0,0.07765664549703863,0.0,0.0,0.0,0.0,-0.0,-0.0,0.0,0.0,0.0,0.0,0.4589812248190182,0.0,0.0,0.0,-0.0
2019-02-14,0.12871372341586187,0.0,0.0,0.08880676051347706,-0.0,0.0,-0.0,0.12293211203813378,0.0,0.06242106289609202,0.004125080283803174,-0.0,0.0792921797706473,0.0,0.10741597100704459,0.0,0.0,0.05350784581155965,0.0,-0.0,-0.0,0.036585374580114245,0.05062937479891289,0.0,0.0,0.19260683863590755,0.0,0.039254797727387235,0.0,-0.033708878521058604
2019-02-15,0.048177475533941555,0.0,0.0,0.10881026386417982,-0.0,0.0,-0.0,0.17630232934972837,0.0,0.050320419646620304,0.0,-0.0,0.059047235077794843,0.0,0.1640783920443865,0.0,0.0,0.01345769423505793,0.0,-0.0,-0.0,0.0,0.004966277068069201,0.0,0.0,0.2877254421024885,0.0,0.0,0.0,-0.08711447107773279
2019-02-18,0.04118792913327469,0.0,0.0,0.0899543983336806,-0.0,0.0,-0.0,0.13545180858662412,0.0,0.08337081637813852,0.0,-0.0,0.04205784550298938,0.0,0.160317376730686,0.0,0.0,0.052669177537246856,0.0,-0.0,-0.0,0.053064116206648165,0.06806047170970936,0.0,0.0,0.19311423565686597,0.0,0.03504632623378324,0.0,-0.04570549799035304
2019-02-19,0.049187050215694195,0.0,0.0,0.09546294748792815,-0.0,0.0,-0.0,0.12519277716366217,0.0,0.08617454814118185,0.0,-0.0,0.053121411857487616,0.0,0.15252394945446332,0.0,0.0,0.04518424771668263,0.0,-0.0,-0.0,0.0543377082830627,0.07246964886682535,0.0,0.0,0.16073957783844894,0.0,0.04750900476580108,0.0,-0.05809712820876203
2019-02-20,0.0,-0.0,0.0,0.0,-0.0,-0.0,-0.0,0.15604913337382198,0.0,0.0,0.0,0.0,0.0,-0.0,0.3475200114307103,0.0,-0.0,0.0,0.0,-0.0,-0.0,0.0,0.0,0.0,0.0,0.4964308551954677,0.0,0.0,-0.0,-0.0
2019-02-21,0.0,-0.0,0.0,0.0,-0.0,-0.0,0.0,0.14386057111995987,0.0,0.0,0.0,0.0,0.0,-0.0,0.4623344108357304,-0.0,-0.0,0.0,0.0,-0.0,-0.0,0.0,0.0,0.0,0.0,0.39380501804430973,0.0,0.0,-0.0,-0.0
2019-02-22,0.0,-0.0,-0.0,0.0,0.0,-0.0,0.0,0.0,-0.0,0.0,0.0,0.0,0.0,-0.0,0.9047238255687169,-0.0,-0.0,0.0,-0.0,0.0,0.0,0.0,0.0,0.0,0.0,0.0952761744312831,0.0,0.0,-0.0,-0.0
2019-02-25,0.0,-0.0,-0.0,0.26602989555716355,-0.0,-0.0,0.0,0.6268518934732571,-0.0,0.0,0.0,0.0,0.0,-0.0,0.10711821096957935,-0.0,-0.0,0.0,0.0,-0.0,-0.0,0.0,0.0,0.0,0.0,0.0,0.0,0.0,0.0,-0.0
2019-02-26,0.0,-0.0,0.0,0.27825055443716556,-0.0,-0.0,0.0,0.3101870611386707,-0.0,0.0,0.0,0.0,0.020715419290209314,-0.0,0.2414444634180122,-0.0,-0.0,0.0,0.0,-0.0,-0.0,0.0,0.0,0.0,0.0,0.14940250171594222,0.0,0.0,0.0,-0.0
2019-02-27,0.0,0.0,0.0,0.21875828220198704,-0.0,0.0,0.0,0.22540054040418184,0.0,0.05559868819769828,0.0,0.0,0.09815774831511093,-0.0,0.20633654829335568,0.0,-0.0,0.0,0.0,-0.0,-0.0,0.0,0.061973728896200085,0.0,0.0,0.1337744636914661,0.0,0.0,-0.0,-0.0
2019-02-28,0.0,-0.0,-0.0,0.1845695457602271,-0.0,-0.0,0.0,0.21774782300525763,0.0,0.030810797553925694,0.0,0.0,0.10846377856446794,-0.0,0.22171931920534854,-0.0,-0.0,0.0,0.0,-0.0,-0.0,0.015118307049861082,0.07736325068134549,0.0,0.0,0.1442071781795665,0.0,0.0,-0.0,-0.0
2019-03-01,0.0,-0.0,-0.0,0.32729677920100475,-0.0,-0.0,0.0,0.2934285842737622,-0.0,0.0,0.0,0.0,0.0,-0.0,0.26191825527407775,-0.0,-0.0,0.0,0.0,-0.0,-0.0,0.0,0.0,0.0,0.0,0.11735638125115527,0.0,0.0,-0.0,-0.0
2019-03-04,0.0,-0.0,0.0,0.29259807138148713,-0.0,0.0,0.0,0.32565575706246663,0.0,0.0,0.0,0.0,0.0,-0.0,0.2847581284819586,0.0,-0.0,0.0,0.0,-0.0,-0.0,0.0,0.0,0.0,0.0,0.09698804307408765,0.0,0.0,0.0,-0.0
2019-03-05,0.0,0.0,-0.0,0.0,-0.0,0.0,0.0,0.44615008677545054,0.0,0.0,-0.0,0.0,0.0,-0.0,0.5538499132245495,0.0,-0.0,0.0,0.0,-0.0,-0.0,0.0,0.0,0.0,0.0,0.0,0.0,0.0,0.0,-0.0
2019-03-06,0.0,0.0,-0.0,0.051740150794437674,-0.0,0.0,0.0,0.4831936933454321,-0.0,0.0,-0.0,0.0,0.16046302885183622,-0.0,0.2363550975604292,0.0,-0.0,0.0,0.0,-0.0,-0.0,0.0,0.06824802944786476,0.0,0.0,0.0,0.0,0.0,-0.0,-0.0
2019-03-07,0.0,0.0,0.0,0.16668133087593445,-0.0,0.0,-0.0,0.30068118508262687,0.0,0.0,0.0,-0.0,0.16424811677422368,0.0,0.2874780589801207,0.0,0.0,0.0,0.0,-0.0,-0.0,0.0,0.0742982668102248,0.0,-0.0,0.0,0.0,0.0,0.0,-0.006613041476869487
2019-03-08,0.0,0.0,0.0,0.0,0.0,0.0,0.0,0.0,0.0,0.0,0.0,0.0,0.0,0.0,0.0,0.0,0.0,0.0,0.0,0.0,0.0,0.0,0.0,0.0,0.0,0.0,0.0,0.0,0.0,0.0
2019-03-11,0.0,0.0,0.0,0.0,0.0,0.0,0.0,0.0,0.0,0.0,0.0,0.0,0.0,0.0,0.0,0.0,0.0,0.0,0.0,0.0,0.0,0.0,0.0,0.0,0.0,0.0,0.0,0.0,0.0,0.0
2019-03-12,0.0,0.0,0.0,0.33724602990176067,-0.0,0.0,-0.0,0.29523443042534814,0.0,0.0,0.0,-0.0,0.0,0.0,0.00329302346870595,0.0,0.0,0.0,0.0,-0.0,-0.0,0.0,0.0,0.0,-0.0,0.0,0.0,0.0,0.0,-0.3642265162041852
2019-03-13,0.0,0.0,0.0,0.21189091841882082,-0.0,0.0,-0.0,0.2200661222720778,0.0,0.019093626282211153,0.0,-0.0,0.1839230659385847,0.0,0.16053341055908377,0.0,0.0,0.0,0.0,-0.0,-0.0,0.0,0.03283320029617163,0.0,-0.0,0.0,0.0,0.0,0.0,-0.1716596562330501
2019-03-14,0.0,0.0,0.0,0.19100567553626283,-0.0,0.0,-0.0,0.19338527185521692,0.0,0.03450543396950879,0.0,-0.0,0.15285773566515137,0.0,0.1758818898153364,0.0,0.0,0.0,0.021708721383362696,-0.02172294626710264,-0.021717947430814684,0.0,0.0,0.0,-0.0,0.008613510654944046,0.0,0.0,0.0,-0.1786008674222997
2019-03-15,0.0,0.0,0.0,0.17044125981226393,-0.0,0.0,-0.0,0.1697401968031901,0.0,0.06155858625986951,0.0,-0.0,0.18035399702146632,0.0,0.1832065755075525,0.0,0.0,0.0,0.01269107015425583,-0.012691064543518532,-0.01268694992372873,0.0,0.0,0.0,-0.0,0.030125633844914654,0.0,0.0043613117587128925,0.0,-0.16214335437052704
2019-03-18,0.04034528466584074,0.0,0.0,0.07369807123992549,-0.024639675090071925,0.0,-0.056083465154472184,0.06314350966254544,0.0,0.05034501500661471,0.0,-0.034146159619310675,0.05865333727150807,0.0,0.08508891827633423,0.0,0.0,0.0,0.0772444911920418,-0.07724448814876243,-0.07724258446746804,0.0,0.0,0.0,-0.010988825898400166,0.042538204467096316,0.04219128600490479,0.049959257440124534,0.01468751139249492,-0.12175991500208347
2019-03-19,0.03852515145198364,0.0,0.0,0.06504151167877768,-0.019464268143704534,0.0,-0.07250504771740969,0.049324633880241796,0.0,0.04964632931541995,0.0,-0.04034062365854945,0.03636237243597851,0.0,0.07105053652317682,0.0,0.0,0.01849967624940356,0.07421296520956591,-0.07420910007847165,-0.07420843534885867,0.0,0.0,0.0,-0.005703031453244833,0.05066070550906416,0.05780559887551303,0.062016156853252645,0.017441047070128553,-0.12298280854725502
2019-03-20,0.059275072518892795,0.0,0.0,0.02439452370515593,-0.025460027665035388,0.0,-0.08581539735018504,0.00727551980330547,0.0,0.026607145312164456,0.0,-0.034140783478145434,0.0,0.0,0.03306977907462031,0.0,0.015960933300445797,0.02130563402361513,0.09662561347648935,-0.0966211240137611,-0.09662046468178143,0.0,0.0,0.0,-0.01955139858508348,0.050536351323575056,0.07836786346024506,0.07570931685003084,0.015542039317831251,-0.13712101205963673
2019-03-21,0.044718530246686164,0.0,0.010347154927082635,0.043744165081296894,-0.035929696875281074,0.014962699904090247,-0.0677995251581957,0.025980054527120648,0.0,0.04122642964337984,0.0,-0.05381266359602505,0.022463054479449518,0.0,0.046185352276832334,0.004722164276591211,0.03139880863984164,0.026778405009300822,0.0640327977639433,-0.06403350509088304,-0.06402650753822706,0.0,0.0,0.0,-0.04081356365253169,0.039957950639797075,0.05923500333656819,0.058310232238713296,0.051286593976947695,-0.08823514112121478
2019-03-22,0.04055594153246261,0.0,0.009873697476792767,0.05926807744906053,-0.028608411669710124,0.01451198423537937,-0.06456299694959472,0.04929779056557465,0.0,0.0408014196351908,0.0,-0.053297446381895826,0.03650106523724901,0.0,0.05271841222402385,0.012608968073279825,0.0251654941834722,0.022313467211974025,0.06060643438457365,-0.06060490088452014,-0.060599007963139044,0.0,0.008332237709509447,0.0,-0.04616699877335414,0.03743298926152033,0.04686999338546159,0.04857161828323179,0.04124984741806978,-0.07948079911095997
2019-03-25,0.04176652148487031,0.005205715340471194,0.013931093765919228,0.05036651239502686,-0.04150039051576263,0.029501801158325788,-0.05401157143190983,0.040252048842413096,0.0,0.03960043591660177,0.00237716421568289,-0.05130542217219965,0.03759014467034077,0.013772880713135783,0.05017686450059157,0.023691496671191203,0.029567703410524965,0.022877178808132868,0.053452429247834166,-0.053449467009640025,-0.053447036593312514,0.008218092535700593,0.008553545446297025,0.0,-0.04888678789423462,0.03313065028004208,0.04208905929728859,0.04041262884676172,0.04818697149318963,-0.0626783853425986
2019-03-26,0.04619166577019604,0.013144931793773108,0.004594753869623618,0.045467617742769265,-0.040638307960232774,0.02871764732440091,-0.05195155440345245,0.03602404324811846,0.0,0.03522257441089563,0.0,-0.058300828478264975,0.04002987008555722,0.023811408579432175,0.0531961346735184,0.030867668679890617,0.02679278544227199,0.012783515189720047,0.060370312261607745,-0.06036719326965648,-0.060364640549130266,0.01596291587333756,0.005645345966597562,0.0,-0.053796465316821265,0.025408302182085226,0.033482302976464845,0.029932895735213995,0.047466695339978646,-0.05946762287698843
2019-03-27,0.040161290431477085,0.025351889447837655,0.0018501484654001173,0.04506012631173613,-0.035710561527647594,0.022356937034528384,-0.05132947569025799,0.03365501998352645,0.005539250017855573,0.039852044724563815,0.0,-0.05808952710979035,0.04434673308610996,0.029110186914819754,0.05488878052004267,0.027997337327719758,0.022164913555281347,0.013099020835086045,0.05690419305255013,-0.05690068639754593,-0.05689832932757577,0.027743774423886414,0.005910754297429331,0.0024676393806632355,-0.05514545082165531,0.026111953560603893,0.030260653243115457,0.03284556947170355,0.03804866855042793,-0.06019908448916233
2019-03-28,0.052117431985834684,0.02204354476394143,0.015819447656595913,0.027642603283899933,-0.04925045119744132,0.03354585444581631,-0.05369867548467654,0.011469398809536836,0.006517283387158656,0.03805565737249563,0.0003750654087726734,-0.056037118704722055,0.025485903851957356,0.02110097168182948,0.0431715585643595,0.027222199375582783,0.03611429723487002,0.02302697165416707,0.055665881139507836,-0.055802844568684194,-0.05618482020565886,0.009596855366817685,0.0,0.0009019082855211509,-0.05886813600518783,0.02961396528943171,0.04014199899879114,0.04145577730910844,0.04963883467087758,-0.05943454329675543
2019-03-29,0.05586789477591219,0.014587702464035195,0.02409316745837235,0.0229453629676285,-0.05061291811803024,0.037343565052048465,-0.05086394236812114,0.0033445995367192218,0.0017763121289765184,0.04158279642567977,0.005909736696596623,-0.052036572284660985,0.02458369564898496,0.015261282849499392,0.03947926973472456,0.0288248472943407,0.044070131262295684,0.031326154195697696,0.05173594733044437,-0.05186014842875202,-0.05220666889225285,0.0009538195630518437,0.0,0.0,-0.05793132786072046,0.031752293518963304,0.04885641313037548,0.05045443007965574,0.053678511263048415,-0.05606048867041121
2019-04-01,0.05165194714760249,0.019194119821451548,0.02419282593904828,0.02793876763275112,-0.04742319940379261,0.035099460348890776,-0.05017246539626649,0.007226745854816273,0.007753762679510041,0.041359564142920906,0.007671305601636293,-0.04925312463583053,0.02638615565248329,0.020359909403674863,0.03745053053720011,0.028599217002428175,0.04248928994254167,0.03196610709340723,0.049244630450350456,-0.04936144800550613,-0.04968316770505985,0.0024966315247547735,0.0,0.001533414950454741,-0.055308414589244015,0.031899809018016353,0.04839221311650765,0.05056119601160342,0.05086212273486125,-0.054468453657388616
2019-04-02,0.052206210094443865,0.016679365450166815,0.022710357995336165,0.03161869316738427,-0.043209765391353204,0.028652464768532594,-0.04831804270472729,0.009227614331381744,0.006669492493657917,0.046631591299802565,0.003937671171540986,-0.0425839734819543,0.025483379933141495,0.017376524293619862,0.04047388158346066,0.022795970937436825,0.0449205955263446,0.03509118730111996,0.05183591087249455,-0.05196265986896203,-0.052312147198942165,0.0013100623486741393,0.0,0.0012630015748443296,-0.0588635480157365,0.03230223949133647,0.05391456842209674,0.05584856181071965,0.047565253065414766,-0.05423526540537366
2019-04-03,0.0495710626833766,0.018129171283894005,0.019070789850068454,0.03827761712000264,-0.046316995823466746,0.036263113245641576,-0.04858299545687672,0.014044805244430579,0.0035593435399487363,0.046354170973771563,0.002691166154850208,-0.04850561658830781,0.025319046026594228,0.015224986532877073,0.03644346612471806,0.0330050559485411,0.04358807730779266,0.033504259562688966,0.046584852513594045,-0.04672435402651464,-0.04710900151178012,0.0,0.0,0.0,-0.05690308290828421,0.02883026997369591,0.053369245736974415,0.056732412393631984,0.05163478032538802,-0.05366026114228883
2019-04-04,0.0501080192486533,0.025913247785055826,0.013669272489327713,0.0466722884127408,-0.04981716554040223,0.04143543674013103,-0.04317002228931137,0.027261695715770307,0.0077317891394904515,0.03982720325673762,0.0017586512193651775,-0.047704173022976804,0.020312235022647673,0.02177651239128714,0.0331392853868298,0.03839647901706271,0.03638379504145646,0.02414291876403757,0.04735203234716192,-0.04750962118827469,-0.04794458579848996,0.00013434565298827298,0.009204443564618824,0.0,-0.05573548844627889,0.02595369210984927,0.04462676024220263,0.04819651665550843,0.05541968109868777,-0.04870264241265522
2019-04-08,0.04765581403092166,0.025626075014791055,0.013979507938062869,0.048573081251188976,-0.05160255117730284,0.04302308462338659,-0.043956387842342924,0.02921642118734814,0.0075901231960539784,0.03901797939971481,0.002114589113891212,-0.04803898170272602,0.02498808810681853,0.016365990829553204,0.029049225994635927,0.038742769034106846,0.037561887565920014,0.023007207059995212,0.04843075395530915,-0.048581471171029754,-0.048997505470007065,0.0,0.009901131028378434,0.0,-0.05257362295490988,0.02048962934236914,0.046862840095736456,0.04903321627873373,0.056070440395439125,-0.04894962423932663
2019-04-09,0.04750169490705849,0.026500654001967647,0.015559560534313451,0.052466581641938285,-0.04929546067894574,0.038937523549425465,-0.041009410125349845,0.0361245742173911,0.010356654331640996,0.03793539682696262,0.005668101324192063,-0.045887427229948125,0.03096747830550176,0.018375915936626585,0.03019180425770675,0.03702580979512734,0.0344171110623278,0.02189343439626434,0.04846959364515071,-0.048608254979367535,-0.048991008278852916,0.004763098527307486,0.017742777569348375,0.0,-0.04945101116069297,0.019863607210332587,0.04313764757614704,0.04546388780925683,0.0499517792862069,-0.04344274083464835
2019-04-10,0.042648733863389444,0.026645196848069097,0.009094631709760922,0.06049295670821812,-0.04469863583268063,0.03546463475102662,-0.039704132970120085,0.041024412712865325,0.008121941226711062,0.04234286371943557,0.0,-0.04915222908404832,0.03967800470135241,0.027277854517227997,0.03232064205114694,0.03605320553374632,0.031035866726142874,0.021452614837264936,0.04234750886121306,-0.04250712270434067,-0.04294764179050465,0.0042528964037438395,0.024243313438534763,0.0,-0.05126097414668169,0.018287108986483405,0.04377662229719351,0.051310018997228625,0.04868997934728455,-0.043168255233584495
2019-04-11,0.03918892140932971,0.026644044095705317,0.008116470534789037,0.056625358474219845,-0.04504851137076658,0.03835429574890452,-0.04175985072405579,0.035336084228532676,0.006746115478559339,0.043236757430888416,0.0,-0.05491095472007429,0.039777059837390896,0.024729645951811863,0.031783800942689004,0.03766590265340847,0.034827798186120265,0.02210354332715309,0.03968092863806864,-0.03983197105321527,-0.04024983961278185,0.006302370890236848,0.018182421935837988,0.0,-0.05648969413881938,0.01752574410776453,0.044993487418053216,0.05237110292786023,0.05301823468646917,-0.044499089476494
2019-04-12,0.032801071913806504,0.028272619799173015,0.011805281903659249,0.06167485360531825,-0.03572116718635323,0.029606587436382916,-0.04482861257826706,0.044180409488003086,0.013174229182285342,0.04439369217210804,0.00225536506872659,-0.05308890121414408,0.04153927513290512,0.02238547946464789,0.03607530741002177,0.03257092874414423,0.03258005196386175,0.02573828071657223,0.03565336224805924,-0.035785460845676936,-0.036150204098834196,0.011178582649308055,0.027098530143014093,0.006362434053094596,-0.05401807115509704,0.023779632007474513,0.040369088127479844,0.049952240662146166,0.042500251296867346,-0.04446002773256777
2019-04-15,0.03212245927389562,0.027997595439882533,0.017131612880580162,0.05908895717712565,-0.0353569490273781,0.028523762717301115,-0.04303230456629149,0.039972476076640354,0.009344454131694114,0.04901169262993878,0.006197517379266952,-0.047330881480439395,0.04543615415667899,0.018782580711660425,0.03938390366557563,0.02964262532602862,0.03558520519016239,0.02893877033838335,0.03588647470350036,-0.036000181518086,-0.036314160916606004,0.011608797817464205,0.02089001492466675,0.00720761218490694,-0.05213367189055611,0.024118217202940204,0.04420197351101912,0.05441587734554765,0.040045339553762695,-0.044297776262020326
2019-04-16,0.03137967344744806,0.029439463589279794,0.02021253213457378,0.0580227223559057,-0.033705629495034334,0.0285804162469449,-0.03929509448294233,0.043265400237047634,0.01924788963907055,0.04457762801031336,0.012450937383476229,-0.04357968125973119,0.04072316732711685,0.019114367210973923,0.03935789960556213,0.030158827547830194,0.031726397645919155,0.027866470476394664,0.03387912978672408,-0.03397884616068488,-0.03425465172656083,0.020828873557836147,0.030197409382021985,0.017416074042290255,-0.047498228338569946,0.02682519039159268,0.03831105306338111,0.04700680464597164,0.03608212230628633,-0.04101741850251508
2019-04-17,0.035891238275303196,0.033785866701123844,0.01883924119079745,0.05711538001698856,-0.03906387762457189,0.029103291933497023,-0.04138432504518498,0.042624363323878006,0.01708325303053362,0.04073055842110894,0.008574582560242275,-0.04451686873563038,0.04006716606582054,0.021331307567282357,0.03591290535637549,0.0291001478390226,0.034351537131787,0.02261095376127563,0.04023522870682804,-0.040343833057431125,-0.04064389019880019,0.016975295657596683,0.02839311303136648,0.012767893340979719,-0.05168921468341117,0.021352233548515,0.03563555330551003,0.04439058665978371,0.037076048438687594,-0.03841024479066647
2019-04-18,0.040538425333367045,0.03499974430192245,0.013774927512723818,0.061717409481127854,-0.03949043127610029,0.029373792279169468,-0.04339718787628543,0.042311798431525584,0.011041813330313188,0.041055915800339536,0.002040206376754419,-0.05164008341783709,0.04720968906940616,0.025629499319586937,0.03431462507043253,0.028049292179358767,0.035977328869167095,0.014688619043984115,0.04623426013632971,-0.04636772379308633,-0.04673094275046525,0.011132958695963145,0.02348998934913995,0.0028241325083332106,-0.05866362862183615,0.012486731477393587,0.03214595244850966,0.04580787238370298,0.0432772343205881,-0.033587784545250195
2019-04-19,0.03962653536509602,0.03805564250803498,0.01855686439040363,0.05254184178567547,-0.0394839031989875,0.03300494353400016,-0.04395826240496952,0.03692301135398386,0.016241447433309075,0.03685430430785122,0.009848874106131666,-0.0505781821395703,0.036427268051934414,0.02661872345655688,0.034692991755831015,0.03292984824213158,0.0371131808961359,0.017511406311430434,0.0441871018490114,-0.0442975663834972,-0.04459946280192128,0.016433143466326038,0.02182369365202025,0.009781797554596744,-0.05691100895443033,0.01707263521027692,0.031145019659748023,0.037825273589024135,0.040732012428509115,-0.034224053208604846
2019-04-22,0.04284930584008942,0.04439721089321177,0.023112720501923964,0.0450944925418595,-0.045035679054450904,0.03626064533100705,-0.048043567427072206,0.02780221896503452,0.017109705651438094,0.031663588180169094,0.01342936449498921,-0.05386773228673595,0.029042190435940238,0.03165445784453634,0.030317758407219633,0.03690123044021574,0.04173117089656835,0.013747590707314013,0.04805391789840848,-0.048172052426177836,-0.04849733945586107,0.009030382991986904,0.013332251786553492,0.00411994800793517,-0.06425047356463214,0.012238661921656678,0.030045900206247,0.03466335351288884,0.042680247814699236,-0.032854840513177275
2019-04-23,0.041373428104314186,0.03978411795309361,0.02131809314035037,0.047852683436758706,-0.04544913751710609,0.036904403564861216,-0.05135490365493842,0.021079097553145014,0.00904208456778478,0.03567011931274156,0.009825124973005667,-0.05825716164338814,0.0411892268938345,0.028590639794407527,0.027587246308894052,0.03645330261338906,0.042916824315667824,0.012916230267614117,0.05091598232139253,-0.0510421905108889,-0.05138661446846261,0.0017425254639624104,8.754577124086904e-05,0.0,-0.06795838434711704,0.007747121341206016,0.03434830045471888,0.0432718986709185,0.046153286643517505,-0.037782324391279876
2019-04-24,0.039007879577697455,0.03833728423830058,0.021667203595790916,0.056039303415847,-0.04034681207794786,0.02773248683576449,-0.046418850124525936,0.03709756205843692,0.01454322275019147,0.03920296023272832,0.013323905157551127,-0.04885452855361946,0.038399499038255513,0.023027369796703005,0.033186677943315826,0.029098153766904382,0.03739481550505408,0.018247332540180496,0.048642910087359104,-0.04875145711035975,-0.04904700560480366,0.009134846818078622,0.01581912775760484,0.0042330018677707686,-0.058410848970225845,0.015147449962117934,0.03427800749564983,0.043352500751540665,0.032621247900322066,-0.038635748465352
2019-04-30,0.0335720713149245,0.034162871640993436,0.01979575712385305,0.057220747608468917,-0.03625370849792275,0.023215827890247266,-0.043944730779951806,0.03674524755339562,0.013175953569513316,0.046513497283047246,0.010812295322060956,-0.0437692867404113,0.04433455122385184,0.02507550932179285,0.04107629892473594,0.025001118822271448,0.03500487976882458,0.023990364980093413,0.04426820554790753,-0.04437041537086971,-0.04465234112731805,0.01709261352242753,0.01491773399712851,0.013303268201861533,-0.051802232453428444,0.024278581753443378,0.0355848992353426,0.04743415969437928,0.027720506743767664,-0.04091032398576556
2019-05-06,0.035972587211017766,0.03595675803970552,0.02302906678308744,0.05304329865270858,-0.037608991535139503,0.02430187728137806,-0.046078166711117176,0.03466207046681739,0.01825707349980421,0.043721123669848656,0.015073381796330474,-0.0441189483371633,0.039072171711207575,0.02201055816367176,0.03957787573541284,0.026234747277994686,0.03652805621511254,0.02576228296453984,0.0420591778301702,-0.04215234362668981,-0.04240936832329026,0.01671854127529807,0.014415259819643757,0.013169139880654164,-0.05217207177908586,0.02359912305401236,0.0375190531862369,0.04476359341080444,0.027598459874908537,-0.04241483188714822
2019-05-07,0.034763881509248945,0.03163985765607746,0.025473141782359144,0.05411747014261585,-0.03726866665594173,0.025793785949611667,-0.04184796082406861,0.037678666954968174,0.018907175711650306,0.04482270688089081,0.01922970834427899,-0.039298629433314684,0.04073017180498902,0.019230714075938207,0.04166410661610149,0.026465823291423798,0.03647412054316237,0.029431041967912845,0.03783966118294371,-0.037915071741667465,-0.038122959476266226,0.020794458951445098,0.018878006572903477,0.016355797084455587,-0.04582860049492501,0.02767030868305154,0.03789330343869358,0.04475655939003268,0.02865241681729363,-0.040455226021767626
2019-05-08,0.033233433853559195,0.030512689523174406,0.028871173165383037,0.05153484977040728,-0.03452919407008204,0.026631411894501675,-0.0402616957159539,0.03834276164174085,0.023176214240084446,0.04359777683651177,0.023977848103174396,-0.03607695766481962,0.03915093300461789,0.02087270079383248,0.04030560323168329,0.02569498541211427,0.0369849521056562,0.0325602952017595,0.035563703849940106,-0.03562289872362225,-0.03578445563570135,0.02250849679493111,0.020430428992553665,0.01710395331569634,-0.04365466191075901,0.030783261003453997,0.03905515970144677,0.04441455672435814,0.02876440175556789,-0.03999854536291317
2019-05-09,0.04049333857592745,0.02639300103907452,0.03439386572247746,0.050228263557504906,-0.034673834181307504,0.02791669141381339,-0.04093075932827586,0.031437001406453086,0.018241779626301403,0.046208077780763676,0.02577378875204418,-0.03605566734970748,0.03925513898375862,0.01715296252936478,0.039940392937565176,0.025232868003262868,0.043252902779051555,0.036532279061028475,0.036086566878313665,-0.0361466325877048,-0.036310566219532256,0.015222240832265775,0.007077330981935346,0.010775898795729525,-0.04432872932700068,0.033586903457296244,0.044991738756520516,0.04988299934996642,0.03161372561778928,-0.03986405416826333
2019-05-10,0.04350916106162443,0.028927281002251937,0.03016401464526582,0.04438400504236936,-0.03571458943712404,0.03036703930511747,-0.04197517284751529,0.030647237725582165,0.020765205429500624,0.042366796274879444,0.027271534863047606,-0.0382731224161726,0.03566386122481121,0.017442979777224175,0.03805957233313263,0.02818114514801625,0.03833218296383121,0.032880223080394864,0.038004846444534765,-0.038059189812489784,-0.03820743473788811,0.01785672470215797,0.010739589985326106,0.015211105971420417,-0.045977926518644865,0.029780843631967837,0.04072333453561124,0.045695453874858266,0.0335303862584683,-0.04128803894877134
2019-05-13,0.0427195644860891,0.029201905115797813,0.028594471856824944,0.044411954739298994,-0.03377606490847363,0.02805107327427186,-0.04353523302254608,0.030687627401380858,0.02064162679392808,0.04280328050759315,0.02670083761176124,-0.037883877522404207,0.03599238144892165,0.018890553131132477,0.04006958153059996,0.026579645927929774,0.03653574524735843,0.03235760971946838,0.0381430059492908,-0.0382034092687425,-0.03836724719549188,0.020137181444741307,0.012026249748419773,0.017267502430554686,-0.04483529366733142,0.03176504558149243,0.03986182739064973,0.045083304313279324,0.03140649330120713,-0.04347040546301838
2019-05-14,0.04526187770417161,0.027094734427479308,0.029029830592908323,0.04335199291085146,-0.0356054456797377,0.027478161129812658,-0.04590378901030064,0.02613644484562148,0.017295439066524625,0.045795271339662345,0.02540448602888288,-0.03918516842534136,0.032766269835120085,0.016833631900671855,0.04192412836688528,0.0242512522832481,0.038277923779797975,0.03361067002506476,0.04022637809672685,-0.040300236098341324,-0.040500530729946055,0.015728646279659447,0.004019227761817342,0.01450025950709674,-0.046782345545490545,0.03399524996174448,0.04206802649227882,0.04821249702564945,0.032894232518347506,-0.04556585263081909
2019-05-15,0.045796920122292785,0.031164165120496464,0.02705864239144083,0.040047660229924606,-0.03562576813775059,0.02885711589150225,-0.046745202039510436,0.023327427829956216,0.017980781304582024,0.044271862603972555,0.025714649912343818,-0.04072052855505812,0.030601430740596843,0.023817522047602385,0.03940813839530795,0.027358007966074478,0.03567866757832833,0.031612692360219345,0.04070402540628041,-0.040782746040670226,-0.0409962054960065,0.015424398171561994,0.004070937952234976,0.014696641967031174,-0.04868888310084096,0.03299721162167319,0.04049176100477777,0.04670802230102889,0.03345807632642182,-0.045193907384512184
2019-05-16,0.04915769731787203,0.04024706961210169,0.02998215390002416,0.030538995448441724,-0.040271008794830705,0.03528766065791077,-0.048626380331540126,0.01970921356901303,0.024933119726866532,0.03092544839821438,0.03048430192381537,-0.04370532895988509,0.021921856377069632,0.030497731654253443,0.03841436506017617,0.03612921021637061,0.03743018315064923,0.019102388771473577,0.04159287595059835,-0.04167321228631393,-0.04189224791259707,0.01766223334375247,0.006699954633983494,0.01662135900444575,-0.05606357524852299,0.03199879570867769,0.027093784348233056,0.03217255227297517,0.03532853218640818,-0.043836763232983585
2019-05-17,0.047336621685685885,0.04286270413417253,0.03005057440526196,0.03175224287053062,-0.041124976292320564,0.03752566699883714,-0.045311897093092225,0.02055235344066986,0.026171072156835104,0.03183193706971459,0.03053763488939582,-0.04158703540187105,0.024075645605908514,0.034030225543133064,0.03650318960157631,0.03930852038781511,0.036517932914800114,0.021057785765875577,0.03845306905141776,-0.0385264154523128,-0.03872811681355296,0.01825585309222179,0.008060900453821997,0.017665728620239785,-0.05271458393988125,0.030422436772542416,0.029528817183980195,0.03338168827921911,0.03444287595214194,-0.041681498131172
2019-05-20,0.05180638035718081,0.044834172959695474,0.032706701278563434,0.02726594670200843,-0.04683432019117224,0.04627089057092085,-0.04551188514036212,0.014201475378930135,0.024445673808820144,0.029347550085269368,0.03230603685592565,-0.04578152928990087,0.021023485955409604,0.03163245053874994,0.032324744492417595,0.046552036449232635,0.04043395300552758,0.019727398936321135,0.03810742815891305,-0.03817971553943769,-0.038378505070752994,0.011798867241738092,0.00023529999088111133,0.01257955578150926,-0.057619762875342144,0.026560118246402472,0.029776039577725278,0.03218103542463087,0.04297814525783862,-0.038598894838420376
2019-05-21,0.05414408109481178,0.048601802625194375,0.03667152251361304,0.023490817408447953,-0.04768790860868138,0.046117305522473874,-0.039142125615266796,0.015779710700850606,0.03151219357446508,0.028176660232172128,0.03798770234735843,-0.039751549073296144,0.020186303877511073,0.03176170364924848,0.03352640977893091,0.04895278944222425,0.038854175517264944,0.021775639039590823,0.03494496677199891,-0.0350057967633439,-0.035175225423919,0.018927396264805198,0.00789462180734867,0.020186728521439216,-0.04923791069715194,0.029962477656799897,0.02733389592097282,0.0290632630625704,0.03443511300004639,-0.03371220348820164
2019-05-22,0.0541131593103172,0.0542311989225348,0.035415817985836824,0.020064805976722524,-0.04674378830081929,0.0461973403629236,-0.04003035488296916,0.013114574500204599,0.035972764664329804,0.024046040295139806,0.037699506452756104,-0.03987484380064084,0.01803134658251383,0.037239495633354026,0.03096294929505828,0.05139723244933137,0.03904004320987795,0.01824144473467818,0.03544574074832937,-0.03550743620901149,-0.03568361453200951,0.021777625409470862,0.008837736845803757,0.023042015112476378,-0.049327791599255384,0.027675650437306507,0.026081735333004605,0.02514872828583403,0.03372939137092469,-0.03532582675656532
2019-05-23,0.05361268578547663,0.05484269774562691,0.035405647561144095,0.01933124048655648,-0.04648070489341925,0.0457985886935882,-0.03916121117008258,0.013112163066660742,0.03641695764636893,0.023889809102273476,0.03744749708926161,-0.03807444100442135,0.016946302245916884,0.037046445868462285,0.03314310283082641,0.051989547444963626,0.03852795047799174,0.019064477299366573,0.03548197578252246,-0.03554005937077522,-0.03570668110010823,0.02459525307340411,0.009882673162101441,0.02575809050868479,-0.047463536561226025,0.029840895875272954,0.025506710018182513,0.022781778433704186,0.032223098391986685,-0.03492777730962359
2019-05-24,0.051803376445736835,0.04882171340328255,0.036698036373763315,0.02739384427788448,-0.041024413583437634,0.043692698799193644,-0.03663689659023791,0.018903876493671146,0.033417162591361405,0.029963780140414474,0.037370811854882856,-0.03449409714609997,0.02526857609389132,0.0361086909162951,0.03447866038500682,0.04744766320538632,0.03944954394264215,0.02441610367174209,0.031162938381440734,-0.031214377571727868,-0.031364037498045665,0.023820607930473203,0.01198023497651411,0.024485914869069522,-0.04246619762270668,0.03042150863908951,0.030801786573975906,0.02924411080926311,0.031728542964472646,-0.0339197962482912
2019-05-27,0.05243927870996642,0.04834398294252165,0.03891085057864386,0.02366210374705361,-0.04334565067014731,0.04275706089299701,-0.035901932741758874,0.017541093401521594,0.036389795990645825,0.028091708521333452,0.039778520680211066,-0.03269475516594463,0.023485981932310017,0.03380540714627872,0.03311798490221532,0.04663754022291791,0.03839273211823626,0.02582293871978618,0.03362158021823017,-0.03366628897125205,-0.03379635413514035,0.024449562308869466,0.012740974890458083,0.026087035635232847,-0.03926745696342522,0.03205211662052462,0.03174349675289066,0.027843174327887132,0.03025221926981914,-0.03336042082178049
2019-05-28,0.052029554708088926,0.04821895636855597,0.038529207668138034,0.02422382919846099,-0.0449266613394159,0.04259227523274703,-0.035465002893916686,0.01713715870264656,0.03540406331771755,0.02894306808567258,0.03906425714036644,-0.033092881476007925,0.02297603225145997,0.031903807509078966,0.0308178152242058,0.04529259715785742,0.03860922663538863,0.02690941951054984,0.034806808130723565,-0.034849594389976764,-0.03497383043977443,0.02302387321990352,0.011881992558971518,0.025552995737731364,-0.03948564735298937,0.031312181616201536,0.033004313304210005,0.030250668867929775,0.031242477381641275,-0.033479802579671473
2019-05-29,0.05444398368548965,0.05279967378437349,0.03980545387975218,0.019103457491953177,-0.046568163402731844,0.04475880055680656,-0.035976874625807086,0.013376662945492454,0.03969030336699775,0.02509295643852195,0.04163230418903303,-0.03313582095026855,0.0180623374747157,0.03292105542320468,0.030125451816079885,0.048414158460377665,0.038709093847398526,0.025380417877287023,0.03477456421714445,-0.03482235616528607,-0.03496181258325252,0.023974422190327433,0.010564128508032126,0.027703776308536217,-0.03958976496234354,0.03232008764466227,0.03128615373978913,0.02662080216338204,0.030186614213408108,-0.03319854708754467
2019-05-30,0.05645763134299591,0.05419436702066735,0.04004536045172952,0.015751184241987643,-0.04771504337353446,0.046785942223375426,-0.03913634387228986,0.010065388576782427,0.038503369388628896,0.02131599260351087,0.04123234402501842,-0.035431570470308545,0.014274315366496608,0.03636990832442975,0.02771511451262987,0.04998973137872832,0.04064258226362339,0.023629225991372776,0.036971255819579794,-0.03701994274726911,-0.037162352640828455,0.02101844354741612,0.0067913624053170365,0.024972492217176526,-0.04161176525763341,0.02983546507952472,0.03197518753139364,0.02380495456155602,0.03387509337112666,-0.035706269393068285
2019-05-31,0.055398386824220616,0.05684706400750388,0.038540359011044134,0.010985213932782222,-0.04790456945437193,0.04733993811912117,-0.0412633127066462,0.007033700088314724,0.039451969704073775,0.01932945932276505,0.04063870669511798,-0.03890984654450533,0.01209058735992898,0.044831844453048095,0.02758919518967833,0.050771755228266095,0.039805954175098364,0.022430412002411085,0.03482483662083598,-0.03487969635442684,-0.03503872710990981,0.022676525558900866,0.005508209321197946,0.026701592487984784,-0.042433560093974275,0.030191863353692002,0.030111349564362563,0.020284817809558067,0.037962220373092215,-0.03822432653316663
2019-06-03,0.05398347261402507,0.05595358821408193,0.03820199674272365,0.014783587871851465,-0.04663083062508935,0.044845616399303644,-0.038036611050279,0.012228318300124844,0.03938222763766577,0.021412969923891068,0.040332547999104906,-0.03594627814755801,0.015540936630154956,0.04345850255277234,0.02971600264494445,0.04860689181784106,0.036760185672894206,0.023923203500997383,0.033565977142941586,-0.03361380726118004,-0.03375057208502195,0.025916423713146185,0.011378499670249379,0.02858306039683432,-0.04075983778820402,0.03089914547204421,0.030450870706875157,0.0217110216609262,0.03389210668633443,-0.03573490907093931
2019-06-04,0.053362532630083864,0.05481647756464797,0.037022133703203924,0.016817593606300984,-0.04682246606625956,0.04394644859762184,-0.03649309269953938,0.0142739910812376,0.03913374117784623,0.022744390685464234,0.038709114329844536,-0.03468793435229376,0.01767559747525315,0.04181715648936879,0.030805580284519837,0.04747777868026665,0.03589510587466761,0.024076248435533878,0.033587175492176984,-0.033634067671304446,-0.033767356201082614,0.028066467162735604,0.013974708884982987,0.02998802383502433,-0.03983854318090925,0.03072982250925387,0.03057280944242184,0.022033593978689262,0.03260695393202548,-0.034623093975439265
2019-06-05,0.05568872366240184,0.057607094269994615,0.036506560931113846,0.012591983915504222,-0.04832921866331047,0.04250833707968249,-0.03543379539268404,0.012760725776180109,0.041665188901414255,0.020808958870330845,0.03978271941986223,-0.03283968293457728,0.013058329760315552,0.042945225902634124,0.031878943993952136,0.04610281441290634,0.03421398377126788,0.02367230665484229,0.036866019320230294,-0.03691581854921946,-0.037057726496431964,0.031158237492970295,0.014904623882705614,0.034053713551323306,-0.038132565874092646,0.03225043931561092,0.028036930869255156,0.018752558553888698,0.030372349153529418,-0.03310442262776783
2019-06-06,0.05383241387336163,0.05702499582604505,0.03856709927428276,0.012305391138433193,-0.04647136125543991,0.04054824472461662,-0.034022885644231435,0.0128408805964501,0.04512951312518756,0.023310396623870876,0.044286101088029405,-0.03135173320332691,0.012100779331711118,0.040633990482327784,0.034587108242323104,0.04362403787112199,0.03223515446316369,0.028071960544342755,0.03463512183011907,-0.034684857471152394,-0.03482654778412504,0.03165059661767155,0.014108002669278934,0.03665715874948469,-0.036075725371930246,0.03716787022672361,0.026816765048137358,0.02156484474340553,0.028777302034438814,-0.03209116014526669
2019-06-10,0.05041904818306911,0.05308445065505906,0.0392780448245482,0.014832101128415133,-0.04279626158782303,0.03857306877036519,-0.03540508924414841,0.013578636628720258,0.046041719392173046,0.026469294872520786,0.045681380569714235,-0.03274264806180048,0.01350360551445457,0.03867333470318686,0.03565249469132108,0.04088278321909194,0.033037994540013355,0.03143274891932907,0.032894746667218186,-0.03294106145919838,-0.033073010474005196,0.03063395438044428,0.012423541556278539,0.037545015860268795,-0.03558560193171096,0.040356963410812324,0.026610919964594325,0.02268824470309976,0.029824189137871663,-0.03333804494874374
2019-06-11,0.05477579719078912,0.058772418525943636,0.03888933048665666,0.010339473112142807,-0.044788944809504565,0.0391430659371954,-0.03462234794188596,0.01100197428024109,0.048355964344114016,0.02300891482552274,0.04713308313457583,-0.03167895379841506,0.009053986190455178,0.04082802630065276,0.03489817660000153,0.043325213690428604,0.03144150623320974,0.028482441963541768,0.03620744154695694,-0.036259985204491835,-0.036409731693444386,0.031554301757940204,0.011830593401891356,0.03876171901108788,-0.036068135844728635,0.039297547915761885,0.024262034698327065,0.020210733171665236,0.02709647182579294,-0.03150168456263501
2019-06-12,0.05222134363815157,0.05280153058392205,0.03861032851241636,0.01618600957278495,-0.04455111833165199,0.03642982917634315,-0.03419512276630505,0.016247993606205297,0.044382360108668556,0.02657307385605617,0.04576655509362809,-0.0302068354848111,0.014532822595284616,0.035605656051001175,0.03767219549526671,0.04017035412244642,0.031419436100481396,0.03019508655795342,0.03476552517058515,-0.0348126421174887,-0.034946927085622886,0.03350545781640739,0.01603193441587988,0.039595966682176464,-0.03330814028561369,0.0397616441801844,0.02583646245441225,0.02248011647780244,0.025306495959437358,-0.03188103570101134
2019-06-13,0.055103542284494766,0.05668902974263384,0.03909105215793143,0.012118315102016849,-0.047205192711068635,0.03768904195840829,-0.03246046256933436,0.015263702490453447,0.04716616248709228,0.02621195289060583,0.04664144320240844,-0.027670943491929337,0.010696917877956695,0.03222480440051455,0.03922053428946229,0.0418569437949648,0.03079351513216692,0.03079465276134239,0.03410604398755013,-0.034155234102370445,-0.03429543616051829,0.036917979988357615,0.01796815024851908,0.043058932910724636,-0.0317670726484152,0.04171152623721318,0.024778504548435998,0.01991097792017312,0.022182346926986424,-0.03024958497595055
2019-06-14,0.0581793904181781,0.06302979503886631,0.03917787377239785,0.008022053549478025,-0.051486760361049114,0.039205337970937254,-0.03027215507905363,0.011604580071610708,0.051720280542375284,0.023810927156756465,0.04958214183113358,-0.02697406325147837,0.00782616268226061,0.03551484827007416,0.040968399583139324,0.04451094156511115,0.02787697574069207,0.02924560580820752,0.031961218724093896,-0.03202149447239561,-0.0321926701202624,0.0403610333445268,0.017020403161708948,0.04702944713511309,-0.031406312744225624,0.0440792086772706,0.020823575676737167,0.016028922580434923,0.019808316664535905,-0.028259104005895697
2019-06-17,0.06396376996636373,0.07218483633044383,0.04037157798388838,0.0,-0.06186813467529121,0.043543526450640475,-0.028182587842796383,0.0035637200106365787,0.057722103514888136,0.019349077564630425,0.05410204615716153,-0.027256105561961234,0.0014691335971163044,0.037345978982282285,0.04254525169885113,0.05020084380668026,0.025506335539121246,0.025545710128748327,0.030406133663326968,-0.030484532529358902,-0.030707336375587986,0.04272377411080082,0.012021331885662309,0.05085903918122194,-0.0317601386794048,0.045694344316978705,0.01542869180460784,0.010269210470284057,0.0186724315802861,-0.026252295590978136
2019-06-18,0.05613683516797161,0.06458990684241579,0.0386128603890233,0.0065509196895323935,-0.05976588642402651,0.044151472529139944,-0.02865921580441954,0.011443339227935619,0.05117377605338936,0.02396267204739425,0.049242299723460684,-0.02791947746125405,0.004345315497042351,0.03126950792603706,0.043310787625962424,0.04892315419640423,0.026635466902859624,0.028054559850268238,0.029328059245217246,-0.029395223708718384,-0.02958582703051351,0.0410065978994306,0.014788515130814651,0.04708935022545937,-0.03211919817005782,0.04486934122332289,0.019574209285391785,0.01605242953793734,0.022605067147643137,-0.02883872803695642
2019-06-19,0.060379392948981744,0.06352113260092995,0.03693537843443989,0.0064189150943431165,-0.062200081323665744,0.0471393430066741,-0.027295760812978544,0.010653616686907195,0.04418561878084718,0.024017177511247975,0.045946216484413015,-0.029634834780588183,0.004245114903824602,0.02752179715209304,0.04317005045172724,0.04928679203285791,0.027510266811377426,0.027542944059178287,0.031656866132505464,-0.031726484220680896,-0.03192207296111412,0.0393536074530585,0.012850253367119074,0.044434105958423974,-0.034472449275125334,0.04475313121342472,0.0197620147933036,0.01628123571406984,0.026803640071261615,-0.02837970496283769
2019-06-20,0.06063530016296982,0.05813045173643619,0.03479015242224327,0.012014256017197387,-0.06094266978037028,0.0411199108990541,-0.025148404512232065,0.015337078462683068,0.04341400025302888,0.029024117251711157,0.043746314116361325,-0.025066215090480636,0.0074768600250160935,0.02494155286475595,0.04833051488626706,0.04226450345720055,0.026594430799221764,0.030404656881388246,0.030523958987781732,-0.03059390167465433,-0.030790391420190275,0.042589584702990686,0.0154566610908148,0.04683796637230153,-0.030541032112523396,0.04799411091007479,0.02215833428855264,0.019439024285689804,0.022815322079744908,-0.030878322456063378
2019-06-21,0.06017429367888904,0.06064423300328496,0.03423082077886349,0.0069257541768854205,-0.06372413059790175,0.04379310061572623,-0.02426914347356282,0.014180156788578206,0.04304788789207263,0.029420414714314766,0.043911033691422546,-0.027230483787516732,0.004961048860578639,0.029794124156200488,0.049537245417418496,0.04421107870640687,0.02519108279791213,0.03006427593032142,0.02855073499882465,-0.028620808694817555,-0.028817532668731372,0.04251325662901411,0.014218340006906131,0.04786386324283001,-0.03230107249816897,0.047177802752196143,0.021305319376984908,0.017979905839183706,0.025105827685406874,-0.030235226539078924
2019-06-24,0.0589061331182756,0.06581142622375857,0.027651807786593846,0.007217971696124926,-0.06504549088796704,0.043652321409824675,-0.018802815660554587,0.016047454700403044,0.04345397956731863,0.03213221600861657,0.0402390703561199,-0.027661511707271606,0.006691552742146157,0.03458390331319531,0.059194789253813676,0.044567379199466496,0.018124934245467787,0.02820153147477724,0.024157606479182615,-0.02423997498055186,-0.024472369297541312,0.05318909639303285,0.017924539351390593,0.05803042756354605,-0.030478018939792118,0.05018684389588085,0.014780863244537723,0.012107556379038546,0.025237335049484087,-0.027209079074325734
2019-06-25,0.06276139615815163,0.06502505801968714,0.03139259026246087,0.00617367604473432,-0.06697128843968914,0.042366493124846964,-0.017718072681413333,0.015597504684988148,0.043068308156003564,0.0319642093100932,0.04136956922503455,-0.021028032366139197,0.006368862887088664,0.03102302397169759,0.055493557717337896,0.045487416549529806,0.019388938154469456,0.030839288624762252,0.02579713756644247,-0.02587627068923159,-0.02609905043068323,0.0509518362596737,0.01654701252743735,0.05442373444113003,-0.02626058158193121,0.05094577419415265,0.021479795649983716,0.018149154287177623,0.019853598278233832,-0.029578767715794988
2019-06-26,0.0668150068234497,0.07336990271709891,0.028953896406639826,0.0,-0.08068300889187068,0.048635112799571056,-0.013095125361329178,0.0074148873530932875,0.041268295856669926,0.032051554326512965,0.03973680348538714,-0.019887062129969775,0.00045982158551048684,0.02814102296397488,0.06135068894785077,0.052052620783222744,0.01911359533031597,0.03132496235549267,0.02308312428895192,-0.02319056162955272,-0.023493004747144167,0.05274775457368254,0.006138660257912741,0.05572771387579441,-0.025884539444390064,0.05696617685856441,0.020238124445172215,0.015992485602795366,0.021120253824163056,-0.0310642323339163
2019-06-27,0.07640675099146693,0.08486152787121365,0.032166275158305654,0.0,-0.08951405310390652,0.05151820649895215,-0.009131861934626066,0.0,0.04622867679037185,0.024727581813196987,0.04807430188909862,-0.015808011609502126,0.0,0.027825960957856378,0.06084669009858591,0.056516910574472876,0.017790033533016662,0.03012920214190064,0.019217345894989666,-0.01935811399001252,-0.019754354639262058,0.04974449343949894,0.0,0.06231067257547718,-0.023931227523833722,0.06421033296350623,0.015040594266830331,0.007649786483288863,0.017316012692353923,-0.029921020564473613
2019-06-28,0.08673396729618013,0.08649237393052513,0.03315169799546791,0.0,-0.11840176361990228,0.05473313255542636,-0.00034839345778649443,0.0,0.048863934639968215,0.026503966415424973,0.057416730365008606,-0.0,0.0,0.00914620951193183,0.06787884976385537,0.053159071348955846,0.010005715866973476,0.035814469971084784,0.008876569834938603,-0.009070104915255553,-0.009623332958347003,0.044984370191067095,0.0,0.07236354008866745,-0.010385145416034348,0.08079159493894135,0.017207138255700336,0.012807537642014661,0.009366525966964068,-0.035873863053578085
2019-07-01,0.08116704402168565,0.08879821909436243,0.03734353297894389,0.0,-0.11512275402354684,0.056797282581396824,-0.0,0.0,0.05319496991370651,0.02589586967181053,0.06093381789831487,-0.0,0.0,0.018177604020103804,0.0673885895583068,0.052378625462389417,0.009021646095327374,0.03832152003620147,0.0022051329799017256,-0.002398346162514923,-0.002948465102110632,0.04594144547651634,0.0,0.07151403403081616,-0.01098681625917991,0.08192855439212304,0.017940774017538796,0.014926256015388455,0.012046975153614975,-0.03262172505419853
2019-07-02,0.059715797530762636,0.07953468774388155,0.032353495240656144,0.0035509520310014944,-0.0822838131446788,0.04676780146734749,-0.005592872146321894,0.021111024790512196,0.05223726774349676,0.03308068177118107,0.05201270884763345,-0.00710938388670261,0.0032358043090550594,0.021828436745937065,0.06901397255649709,0.052914788205328835,0.008779892978161112,0.034480103888563596,0.009102253658152065,-0.009099531503830985,-0.009103889691466138,0.06416406515398641,0.01668820604260149,0.06835310322561362,-0.010578547391101985,0.06941174355958277,0.018749475905188582,0.01667049409537933,0.010999902745046797,-0.03147530200033102
2019-07-03,0.05155706180954158,0.07442618658634384,0.030055825401458413,0.017599576422250043,-0.071271111073067,0.03974673007535486,-0.0038058618239396463,0.03538801458568657,0.05370036237138132,0.03748484865987408,0.04779128350554614,-0.0006801334164915872,0.017348776913128826,0.021696111893591285,0.07009422395744297,0.04796465671536261,0.008361154792611554,0.034905790720027544,0.0090683936309394,-0.009066171485309688,-0.009069729359152946,0.06914181943693828,0.03367993022276907,0.07006023245256457,-0.004360157798610107,0.0652981201353333,0.019391430907508462,0.018626887878218926,0.00043446010496446926,-0.027924955864591153
2019-07-04,0.0558453006884951,0.08196245681876979,0.02805370671641208,0.0059935662962559855,-0.07912335769981024,0.04809140668330147,-0.0006082237531514615,0.03162882606697771,0.051937636930217135,0.034905200574240104,0.04785166526781575,-0.001956985949592516,0.013547924047603969,0.029572479404376715,0.07469054341937863,0.05467945698055875,0.008591286735710623,0.03009434568452072,0.006656781495779734,-0.0066521036914921035,-0.006656017778318476,0.07320162082627374,0.026299966537128416,0.07059872156961679,-0.0034492060409406764,0.06650628626279502,0.014708061536470158,0.012928892221750568,0.00358115408480711,-0.029626818237438502
2019-07-05,0.05577030035060018,0.08732173926459226,0.027432684209899524,0.0,-0.08343255802901009,0.0537252430885356,-0.0,0.028958744070598254,0.05258557795676359,0.032167958486573354,0.04830228832552052,-0.006418609225981632,0.0136779444611794,0.03462005852196532,0.07379453865798595,0.061386133618774374,0.006063331156126637,0.030883350514898447,0.0,-0.0,-0.0,0.07698986528157856,0.02828729430518271,0.07326283390984505,-0.0,0.06834900209751014,0.01423974203904266,0.011053440803362343,0.002720009548526975,-0.02855675207594637
2019-07-08,0.05387605460115049,0.08166735931608927,0.02814985483206621,0.0,-0.08443624617734004,0.0532681864638696,-0.00125456228960463,0.022565175815665306,0.051394370011146495,0.03331646393748753,0.049195750206357206,-0.009228321009670332,0.011619663054023784,0.03033129849021192,0.07349873424407875,0.0578912200399789,0.007085194132554242,0.03293420329535728,0.002634864307521803,-0.0026299798353454913,-0.0026340663223033143,0.07197110071633264,0.019752130243486956,0.07085026130307558,-0.004575676794838532,0.06975370537095317,0.01866688038756253,0.014307809409593327,0.0069397517913404845,-0.03357111560099442
2019-07-09,0.06230828183683327,0.09255887541520484,0.023913541072701428,0.0,-0.10601717026410072,0.05894770492239174,-0.001464260016473321,0.0048026894229681715,0.05165447833537112,0.030535283344882026,0.05165405506330225,-0.008725719148051692,0.0,0.028868229634191885,0.08117056664284508,0.06377262544700153,0.0,0.03124679788422722,0.0,-0.0,-0.0,0.07478863474271476,0.0012917062475547479,0.07640047866049474,-0.004160044413317034,0.07825951872697734,0.01539080505804754,0.00927998045458272,0.0029002884102883302,-0.03988826483547643
2019-07-10,0.05105664981159831,0.09766170893430039,0.013880691964326602,0.0,-0.10223882931801936,0.05131261859233389,-0.0,0.006132086442832073,0.05614031710650613,0.03358290682678775,0.05419241226048629,-0.0,0.0,0.028071739351171326,0.0957145529476694,0.0586587124173804,0.0,0.030747123541498354,0.0,-0.0,-0.0,0.08796228216609267,0.008137398352467993,0.09336782491049746,-0.0,0.08906111320491988,0.004212926103148463,0.0032535303145018912,0.0,-0.03461457543346142
2019-07-11,0.042998201362277354,0.10082702797137481,0.01162463594843053,0.0,-0.09768138147142777,0.05237433909579483,-0.0,0.0,0.05894154445504443,0.035370010670507684,0.05220206871150991,-0.0,0.0,0.028563787176378495,0.09596050359719774,0.058090187402888425,0.0,0.03361547793851016,0.0,-0.0,-0.0,0.08736294135122023,0.003068634534586089,0.09562260730307831,-0.0,0.09253179042560254,0.007100642641560295,0.004978849826676878,0.0,-0.04108536811593363
2019-07-12,0.06147797628303167,0.10044232378690433,0.013663541813588627,0.0,-0.1274806705091978,0.06182697438243616,-0.0,0.0,0.048337896868879494,0.028286502768244837,0.05995185898361121,-0.0,0.0,0.0,0.09596352117494776,0.05742799570481614,0.0,0.03257692228505044,0.0,-0.0,-0.0,0.07787535682416492,0.0,0.09003158166225013,-0.0,0.09847527916419138,0.008409453862969608,0.0,0.0,-0.03777214392571543
2019-07-15,0.06553843791877599,0.09543909085663062,0.012086343520007722,0.0,-0.11934570965477052,0.052104425532561845,-0.0,0.0,0.05056622888609378,0.031947564776666534,0.05683021106522612,-0.0,0.0,0.0,0.10216113086989323,0.04247961600384472,0.0,0.03702475659942331,0.0,-0.0,-0.0,0.08337278793601549,0.0,0.09608455399593734,-0.0,0.10480794310664876,0.008245134226054123,0.0,0.0,-0.04196606505144973
2019-07-16,0.08323989987856005,0.07614954646668215,0.025518291160805666,0.0,-0.1321643839782082,0.06219259364676652,-0.0,0.0,0.03087594114943891,0.03456057327575623,0.052462268288183594,-0.0,0.0,0.0,0.09457908741499915,0.04229498213263046,0.0,0.040770577594114406,0.0,-0.0,-0.0,0.07054242721339894,0.0,0.0777089557007251,-0.0,0.09741957062709185,0.024441960407524922,0.009098494312479872,0.0,-0.045980446752633956
2019-07-17,0.0767307956169502,0.07556933746505227,0.00957392755410707,0.0,-0.1283227743003326,0.05287469757330174,-0.0,0.0,0.04434276487022551,0.03275977058680507,0.05067139480347043,-0.0,0.0,0.0,0.10476988077386527,0.03253959996033709,0.0,0.04051062912010599,0.0,-0.0,-0.0,0.08393980178343227,0.0,0.09182140103590725,-0.0,0.11339249298773378,0.013961581874513438,0.0,0.0,-0.04821914969385991
2019-07-18,0.08729146746463307,0.08460697991241113,0.003447951701993895,0.0,-0.1531509005444548,0.052977813158356216,-0.0,0.0,0.04026912448756552,0.013965148235533983,0.05325198219483756,-0.0,0.0,0.0,0.09880697402020512,0.029193641774390905,0.0,0.038544867594368266,0.0,-0.0,-0.0,0.07154976101148555,0.0,0.09327565894314208,-0.0,0.13074957255629527,0.0036362802038412403,0.0,0.0,-0.04528187619648542
2019-07-19,0.10049146235278342,0.09669769591176232,0.0,-0.0,-0.18305683585896523,0.04489340898736951,-0.0,0.0,0.0451022523407907,0.0,0.05757044482774941,-0.0,0.0,0.0,0.09013199191178246,0.0293662592957848,0.0,0.012312126447986176,0.0,-0.0,-0.0,0.069036846789932,0.0,0.09725192890584528,-0.0,0.13672608509156176,0.0,0.0,0.0,-0.037362661277686886
2019-07-22,0.08795434373046376,0.08014430882196098,0.014219785564476263,0.0,-0.16261379393256978,0.05877003216477235,-0.0,0.0,0.04191160476518048,0.008184087038302288,0.05833382622059034,-0.0,0.0,0.0,0.08075647139315754,0.04755864550413575,0.0,0.034123005883093166,0.0,-0.0,-0.0,0.060480151663202524,0.0,0.08731794801459757,-0.0,0.12066731623899918,0.0032942168113706126,0.0,0.0,-0.0536704622531274
2019-07-23,0.09511201510975746,0.07491855404173162,0.02936864399733433,0.0,-0.1628409815582129,0.06912804642994674,-0.0,0.0,0.039861255213982365,0.008030133564556287,0.06428162083907088,-0.0,0.0,0.0,0.06732955181859276,0.05279641814786404,0.0,0.038212465716472216,0.0,-0.0,-0.0,0.042577872996507435,0.0,0.07361888492638491,-0.0,0.11205099449414713,0.015021401614626888,0.0,0.0,-0.054851159530812106
2019-07-24,0.10095558600286766,0.0783166199741721,0.00684467998324783,-0.0,-0.20132319369813512,0.06685132915639236,-0.0,0.0,0.029398941457179258,0.0,0.06094586805802389,-0.0,0.0,0.0,0.07328428967704169,0.045254537850494964,0.0,0.02574995333056565,0.0,-0.0,-0.0,0.04863398131972367,0.0,0.08267238748489616,-0.0,0.1316637875142373,0.0,0.0,0.0,-0.04810484449302252
2019-07-25,0.10242889827523234,0.07703560012758236,0.0,-0.0,-0.21267376952166858,0.04236097170209196,-0.0,0.0,0.028033354302616345,0.0,0.05575672559299045,-0.0,0.0,0.0,0.08342904065712006,0.02662927978093253,0.0,0.012789228462813353,0.0,-0.0,-0.0,0.05815826598870873,0.0,0.10420150851492029,-0.0,0.1581927311939932,0.0,0.0,0.0,-0.038310625879329714
2019-07-26,0.10385145117711415,0.057204184735857,0.0,-0.0,-0.24280791047038588,0.06793651370654821,-0.0,0.0,0.006170017566678332,0.0,0.04999215535058538,-0.0,0.0,-0.0,0.08237827891356968,0.04060604465924345,0.0,0.004181669012929566,0.0,-0.0,-0.0,0.0552898137380861,0.0,0.09070449475153047,-0.0,0.1676000403744446,0.0,0.0,0.0,-0.031277425543027045
2019-07-29,0.10172223180929704,0.0701874256345971,0.02090641911060232,0.0,-0.1723886603646473,0.0802935219754848,-0.0,0.0,0.035206427281870706,0.0,0.06753392880488401,-0.0,0.0,0.0,0.0728726604011505,0.06220146232153781,0.0,0.028183573716291575,0.0,-0.0,-0.0,0.05358438001238185,0.0,0.07361493881395755,-0.0,0.11959789796267654,0.0,0.0,0.0,-0.04170647179062105
2019-07-30,0.0930042701688949,0.06270271545230044,0.0,0.0,-0.22065659794514036,0.07623660379631352,-0.0,0.0,0.013939887617630051,0.0,0.05500855609645189,-0.0,0.0,0.0,0.09373062900508601,0.05222094143282268,0.0,0.0,0.0,-0.0,-0.0,0.07078741580114375,0.0,0.08939196014021478,-0.0,0.1508191081408046,0.0,0.0,0.0,-0.021501314403196935
2019-07-31,0.03066387442945925,0.024473472442485558,0.0,-0.0,-0.42008366614989656,0.0733630093489475,-0.0,0.0,0.0,0.0,0.0,0.0,0.0,0.0,0.05988921756117859,0.0,0.0,0.0,0.0,-0.0,-0.0,0.08530781210100676,0.0,0.11359150690185608,0.0,0.19262744106516982,0.0,0.0,0.0,-0.0
2019-08-01,0.0,0.0,0.0,-0.0,-0.9602743167225123,0.0,-0.0,0.0,0.0,0.0,0.0,0.0,-0.0,-0.0,0.0,0.0,0.0,0.0,-0.0,0.0,0.0,0.0,0.0,0.0,0.0,0.0397256832774877,0.0,0.0,0.0,-0.0
2019-08-02,0.0,0.03325189457929404,0.0,-0.0,-0.47929412753324063,0.0,-0.0,0.0,0.0,0.0,0.0,0.0,-0.0,0.0,0.0,0.0,-0.0,0.0,-0.0,0.0,0.0,0.19487727457438725,0.0,0.29257670331307806,0.0,0.0,0.0,-0.0,0.0,-0.0
2019-08-05,0.0,0.0,0.0,-0.0,-0.5421507776063013,0.0,-0.0,0.0,0.0,0.0,0.0,0.0,-0.0,-0.0,0.0,0.0,0.0,0.0,-0.0,0.0,0.0,0.07085219305677361,0.0,0.1422418325418346,0.0,0.2447551967950905,0.0,0.0,0.0,-0.0
2019-08-06,0.0,0.0,0.0,-0.0,-0.7860882852210981,0.0,0.0,0.0,0.0,0.0,0.0,0.0,-0.0,-0.0,0.0,0.0,0.0,0.0,-0.0,0.0,0.0,0.0,0.0,0.10317469559219339,0.0,0.11073701918670849,0.0,0.0,0.0,-0.0
2019-08-07,0.0,0.0,0.0,-0.0,-0.42330989093370075,0.0,-0.0,0.0,0.0,0.0,0.0,0.0,-0.0,-0.0,0.0,0.0,0.0,0.0,-0.0,0.0,0.0,0.2632421064794362,0.0,0.2838218669439407,0.0,0.029626135642922404,0.0,-0.0,-0.0,-0.0
2019-08-08,0.0,0.0,0.0,-0.0,-0.28102696255729087,0.0,0.0,0.0,0.0,0.0,0.0,0.0,-0.0,-0.0,0.0,0.0,0.0,0.0,-0.0,0.0,0.0,0.3425430330607163,0.0,0.3764300043819928,0.0,0.0,0.0,-0.0,-0.0,-0.0
2019-08-09,0.0,0.0,0.0,-0.0,-0.6038283870446678,0.0,0.0,0.0,0.0,0.0,0.0,0.0,0.0,-0.0,0.0,0.0,0.0,0.0,-0.0,0.0,0.0,0.1706336527612934,0.0,0.22553796019403877,0.0,0.0,0.0,0.0,-0.0,-0.0
2019-08-12,0.0,0.0,0.0,-0.0,-1.0,0.0,0.0,0.0,0.0,0.0,0.0,0.0,-0.0,-0.0,0.0,0.0,0.0,0.0,-0.0,0.0,0.0,0.0,0.0,0.0,0.0,0.0,0.0,0.0,-0.0,-0.0
2019-08-13,0.0,0.0,0.0,0.0,0.0,0.0,0.0,0.0,0.0,0.0,0.0,0.0,0.0,0.0,0.0,0.0,0.0,0.0,0.0,0.0,0.0,0.0,0.0,0.0,0.0,0.0,0.0,0.0,0.0,0.0
2019-08-14,-0.0,0.0,-0.0,-0.0,-0.0,-0.0,0.0,-0.0,0.0,0.0,-0.0,0.0,-0.0,-0.0,0.0,-0.0,-0.0,0.0,-0.0,0.0,0.0,0.0,0.0,0.0,1.0,0.0,0.0,-0.0,-0.0,-0.0
2019-08-15,-0.0,-0.0,-0.0,-0.0,-0.0,-0.0,0.0,0.0,-0.0,0.0,-0.0,0.0,-0.0,-0.0,0.0,-0.0,0.0,0.0,-0.0,0.0,0.0,0.0,-0.0,0.0,1.0,0.0,0.0,0.0,-0.0,-0.0
2019-08-16,-0.0,-0.0,-0.0,-0.0,-0.0,-0.0,0.0,0.0,-0.0,0.0,-0.0,0.0800498991429116,0.0,-0.45066871280710535,0.0,-0.0,-0.0,0.0,-0.0,0.0,0.0,0.0,-0.0,0.0,0.46928138804998304,0.0,0.0,0.0,-0.0,0.0
2019-08-19,-0.0,-0.0,-0.0,-0.0,-0.0,-0.0,0.0,0.0,-0.0,0.0,-0.0,0.004424089924224698,-0.0,-0.5158290682034611,0.0,-0.0,-0.0,0.0,-0.0,0.0,0.0,0.0,-0.0,0.0,0.4797468418723142,0.0,0.0,0.0,-0.0,-0.0
2019-08-20,-0.0,-0.0,-0.0,-0.0,-0.0,-0.0,0.0,0.0,-0.0,0.0,-0.0,0.12687972536418932,-0.0,-0.39457095850520474,0.0,-0.0,-0.0,0.0,-0.0,0.0,0.0,0.0,0.0,0.0,0.4785493161306059,0.0,0.0,0.0,-0.0,-0.0
2019-08-21,-0.0,-0.0,-0.0,-0.0,-0.0,-0.0,0.0,0.0,-0.0,0.0,-0.0,0.06562653931357187,-0.0,-0.3497657254952623,0.0,-0.0,-0.0,0.0,-0.0,0.0,0.0,0.0,-0.0,0.0,0.5846077351911658,0.0,0.0,0.0,-0.0,-0.0
2019-08-22,-0.0,-0.0,-0.0,-0.0,-0.0,-0.0,0.0,0.0,-0.0,0.0,-0.0,0.0,-0.0,-0.43822077804198173,0.0,-0.0,-0.0,0.0,-0.0,0.0,0.0,0.0,-0.0,0.0,0.5617792219580182,0.0,0.0,0.0,-0.0,-0.0
2019-08-23,-0.0,-0.0,-0.0,-0.0,-0.0,-0.0,0.0,-0.0,-0.0,0.0,-0.0,0.0672081144508059,-0.0,-0.4387705906925939,0.0,-0.0,-0.0,0.0,-0.0,0.0,0.0,0.0,-0.0,0.0,0.4940212948566002,0.0,0.0,0.0,-0.0,0.0
2019-08-26,-0.0,-0.0,-0.0,-0.0,-0.0,-0.0,0.0,0.0,-0.0,0.0,-0.0,0.0,0.0,-0.564152454145352,0.0,-0.0,-0.0,0.0,-0.0,0.0,0.0,0.0,-0.0,0.0,0.43584754585464797,0.0,0.0,0.0,-0.0,-0.0
2019-08-27,-0.0,-0.0,-0.0,-0.0,-0.0,-0.0,0.0,0.0,-0.0,0.0,-0.0,0.0,0.0,-0.5021800836143158,0.0,-0.0,-0.0,0.0,-0.0,0.0,0.0,0.0,-0.0,0.0,0.4978199163856843,0.0,0.0,0.0,-0.0,-0.0
2019-08-28,-0.0,-0.0,-0.0,-0.0,-0.0,-0.0,0.0,-0.0,-0.0,0.0,-0.0,0.0,0.0,-0.49859135096467944,0.0,-0.0,-0.0,0.0,-0.0,0.0,0.0,0.0,-0.0,0.0,0.5014086490353206,0.0,0.0,0.0,-0.0,-0.0
2019-08-29,-0.0,-0.0,-0.0,-0.0,-0.0,-0.0,0.0,0.0,-0.0,0.0,-0.0,0.0,0.0,-0.42729428436410016,0.0,-0.0,-0.0,0.0,-0.07259726215907451,0.07168949686774381,0.06992421715830056,0.0,-0.0,0.0,0.3584947394507809,0.0,0.0,0.0,-0.0,-0.0
2019-08-30,-0.0,-0.0,-0.0,-0.0,-0.0,-0.0,0.0,0.0,-0.0,0.0,-0.0,0.0071816665161379975,0.0,-0.35834936847281257,0.0,-0.0,-0.0,0.0,-0.0424778894639059,0.04143874530819564,0.03940942154763924,-0.0,-0.0,-0.0,0.5111429086913086,0.0,0.0,0.0,-0.0,0.0
2019-09-02,-0.0,-0.0,-0.0,-0.0,-0.0,-0.0,0.0,-0.0,-0.0,0.0,-0.0,0.11971030843038931,-0.0,-0.14176296089793433,0.0,-0.027213671069579372,-0.0,0.0,-0.10604737104843404,0.10552086525126159,0.10451144175706667,-0.0,-0.0,-0.0,0.3788497837206421,0.0,-0.0,0.0,-0.016383597824692613,0.0
2019-09-03,-0.0,-0.0,-0.0,-0.0,-0.0,-0.0,0.0,0.0,-0.0,0.0,-0.0,0.14348139096717394,0.0,-0.22895570510285657,0.0,-0.020241869406123165,-0.0,0.0,-0.061801875748983374,0.06118336720076182,0.06000661212322837,0.0,-0.0,0.0,0.42432917945087273,0.0,0.0,0.0,-0.0,0.0
2019-09-04,-0.0,-0.0,-0.0,-0.0,-0.0,-0.0,0.0,0.0,-0.0,0.0,-0.0,0.18167290882647857,0.0,-0.12618211326263368,0.0,-0.0,-0.0,0.0,-0.07153594639170487,0.07082981207738794,0.06948633074749298,0.0,-0.0,0.0,0.46691326616927475,0.0,0.0,0.0,-0.013379622525027215,0.0
2019-09-05,-0.0,-0.0,-0.0,0.0,-0.0,-0.0,0.0,0.0,-0.0,0.0,-0.0,0.18428858247130261,0.0,-0.09671114870165962,0.0,-0.03610123544509949,-0.0,0.0,-0.041236660296901206,0.04037271301883854,0.03872826250154215,0.0,-0.0,0.0,0.5625613975646564,0.0,0.0,0.0,-0.0,0.0
2019-09-06,-0.0,-0.06572013980742297,-0.0,0.0,0.0,-0.0,0.0,0.0,-0.0,0.0,-0.0,0.1857439359436223,0.0,-0.11927188078753867,0.0,-0.1329924954474422,-0.0,0.0,-0.0,0.0,0.0,-0.0,-0.0,-0.0,0.49627154801397394,0.0,0.0,0.0,-0.0,-0.0
2019-09-09,-0.0,-0.0,-0.0,0.0,0.0,-0.0,0.0,0.0,-0.0,0.0,-0.0,0.25837126026859747,0.0,-0.030109410363017175,0.0,-0.14183728730521247,-0.0,0.0,-0.0,0.0,0.0,0.0,0.0,0.0,0.569682042063173,0.0,0.0,0.0,-0.0,-0.0
2019-09-10,-0.0,-0.0,-0.0,0.0,0.0,-0.016361362710644683,0.0,0.0,-0.0,0.0,-0.0,0.22179264666369436,0.056219545841435466,-0.0,0.0,-0.14723531155437838,-0.0,0.0,-0.06627907696898692,0.06570949963531778,0.06461071859483535,0.0,0.0,0.0,0.30707715354030624,0.0,0.0,0.0,-0.05471468449040081,0.0
2019-09-11,-0.00936944469324207,-0.0,-0.0,0.0,0.0,-0.0008124562981351012,0.0,0.0,-0.0,0.0,-0.0,0.18754109408737818,0.06565697549506334,-0.0,0.0,-0.11657620371660639,-0.0,0.0,-0.10069102997054957,0.10010174539338212,0.09896023985545949,0.0,0.0,0.0,0.2938006376365578,0.0,0.0,0.0,-0.026490172853626027,0.0
2019-09-12,-0.0,-0.0,-0.0,0.0,0.0,-0.0,0.0,0.0,0.0,0.0,-0.0,0.1840329782397549,0.009078350579267728,-0.0,0.0,-0.046310752154746865,-0.0,0.0,-0.11891125225617295,0.11806117887393103,0.11641480045840778,0.0,0.0,0.0,0.40719068743771875,0.0,0.0,0.0,-0.0,0.0
2019-09-16,-0.0,-0.0,0.0,0.0,0.0,-0.0,0.0,0.0,0.0,0.0,-0.0,0.22029443496995238,0.196255160831055,-0.0,0.0,-0.06978889373650211,-0.0,0.0,-0.0,0.0,0.0,0.0,0.0,0.0,0.5136615104624904,0.0,0.0,0.0,-0.0,0.0
2019-09-17,-0.0,-0.0,0.0,0.0,0.0,-0.0,0.0,0.0,0.0,0.12988997838835112,0.0,0.07423856884972782,0.3652328836550341,-0.0,0.0,-0.0,0.0,0.0,-0.0,0.0,0.0,0.0,0.0,0.0,0.38164356328481386,0.0,0.0,0.048995005822073195,-0.0,-0.0
2019-09-18,-0.0,-0.0,0.0,0.0,0.0,-0.0,-0.0,0.0,0.0,0.0,0.0,0.0,0.1517946360437544,-0.0,0.0,-0.0,0.0,0.0,-0.0,0.0,0.0,0.0,0.0,0.0,0.8482053639562456,0.0,0.0,0.0,-0.0,-0.0
2019-09-19,-0.0,-0.0,0.0,0.0,0.0,-0.0,-0.0,0.0,0.0,0.059717907719199,0.0,0.0,0.3833661201774505,-0.0,0.0,-0.0,0.0,0.0,-0.0,0.0,0.0,0.0,0.0,0.0,0.5569159721033505,0.0,0.0,0.0,-0.0,-0.0
2019-09-20,-0.0,-0.0,0.0,0.0,0.0,-0.0,-0.0,0.0,0.0,0.15173547421944678,0.0,0.0,0.3674007131429352,-0.0,0.0,-0.0,0.0,0.07479986052991477,-0.0,0.0,0.0,0.0,0.0,0.0,0.23249559812396647,0.06892863344764136,0.0,0.10463972053609535,-0.0,-0.0
2019-09-23,0.0,-0.0,0.0,0.0,0.0,-0.0,-0.0,0.0,0.019644125861867343,0.18320486126919652,0.0,0.0,0.12970618153164704,-0.0,0.03368875142778838,-0.0,0.0,0.2081389173166955,-0.0,0.0,0.0,0.0,0.0,0.04340947048500196,0.03131309623621065,0.21484150377618136,0.0,0.13605309209541125,-0.0,-0.0
2019-09-24,0.0,-0.0,0.0,0.0,-0.0,-0.0,-0.0,0.0,0.04175380030268223,0.17928512205507807,0.0,0.0,0.17785970459438233,0.0,0.04808589482466545,-0.0,0.0,0.18517384118140373,-0.0,0.0,0.0,0.0,0.0,0.0661699379178693,0.0,0.20634513582067457,0.0,0.0953265633032443,-0.0,-0.0
2019-09-25,-0.0,-0.0,0.0,0.0,0.0,-0.0,-0.0,0.0,0.03253359931548708,0.21627990759770496,0.0,0.0,0.4083913950423054,0.0,0.057126419796381236,-0.0,0.0,0.05049712792527245,-0.0,0.0,0.0,0.0,0.0,0.04093749236632301,0.0,0.19423405795652585,0.0,0.0,-0.0,-0.0
2019-09-26,0.0,0.0,0.0,0.0,0.0,0.0,0.0,0.0,0.0,0.0,0.0,0.0,0.0,0.0,0.0,0.0,0.0,0.0,0.0,0.0,0.0,0.0,0.0,0.0,0.0,0.0,0.0,0.0,0.0,0.0
2019-09-27,-0.0,-0.0,0.0,0.0,0.0,-0.0,-0.0,0.0,0.0,0.21637104298031215,0.0,0.0,0.4631322095906181,0.0,0.0,-0.0,0.0,0.05574035081818767,-0.0,0.0,0.0,0.0,0.0,0.039383154326375375,0.0,0.22537324228450667,0.0,0.0,-0.0,-0.0
2019-09-30,-0.0,-0.0,0.0,0.0,0.0,-0.0,-0.0,0.0,0.059666614285479994,0.202567944115698,0.0,0.0,0.47851711226074156,0.0,0.10306573555872321,-0.0,0.0,0.03045590348610461,-0.0,0.0,0.0,0.0,0.0,0.0,0.0,0.12572669029325262,0.0,0.0,-0.0,-0.0
2019-10-08,0.0,-0.0,0.0,0.0,0.0,-0.0,-0.025071493723185963,0.0,0.10463724476979519,0.15728465583758908,0.0,-0.0,0.26642835856652874,0.0,0.09337852885564103,-0.0,0.0,0.10823336602922672,0.0,-0.0,-0.0,0.02153846469571753,0.0,0.048895611947043026,0.0,0.15655465449899986,0.0,0.017977621076272675,-0.0,-0.0
2019-10-09,0.0,0.0,0.029155742595443804,0.0,-0.0,0.0,-0.06814799508343988,0.0,0.08161195473868774,0.13251777409013243,0.055979035428111376,-0.0,0.140358190590192,0.0,0.07361381239468823,-0.0,0.0,0.12735521168253477,0.0,-0.0,-0.0,0.016605001078425115,0.0,0.04711401496317324,0.0,0.14132650182032763,0.0,0.08322095403365899,0.0,-0.002993811501184693
2019-10-10,0.0,-0.0,0.0,0.0,-0.0,0.0,-0.05744483804132227,0.0,0.10520172113885452,0.1363003743342973,0.040672219973710955,-0.0,0.16038353931786933,0.0,0.02754041340053175,-0.0,0.0,0.15665966557428312,0.0,-0.0,-0.0,0.0,0.0,0.03938953082629501,0.0,0.22321418576759072,0.0,0.05319351162524513,0.0,-0.0
2019-10-11,0.0,-0.0,0.027994861086692552,0.0,-0.0,0.0,-0.06601233204017373,0.0,0.09436360505288595,0.12862695565567128,0.04693890338178406,-0.0,0.12081697867271142,0.0,0.0,-0.0,0.0,0.18549196225073053,0.0,-0.0,-0.0,0.0,0.0,0.023550533979527815,0.0,0.23816458567392468,0.0,0.0680392822058979,0.0,-0.0
2019-10-14,0.0,0.0,0.0,0.0,-0.0,-0.0,-0.0,0.0,0.2692335455230497,0.01932873259978565,0.0,-0.0,0.19659482646909968,0.0,0.0,-0.0,0.0,0.0,0.0,-0.0,-0.0,0.0,0.0,0.10690666565499066,0.0,0.4079362297530743,0.0,0.0,0.0,-0.0
2019-10-15,-0.0,-0.0,0.0,0.0,0.0,-0.0,-0.0,0.0,1.0,0.0,0.0,-0.0,0.0,0.0,0.0,-0.0,0.0,0.0,-0.0,0.0,0.0,0.0,0.0,0.0,0.0,0.0,0.0,0.0,0.0,-0.0
2019-10-16,-0.0,-0.0,0.0,0.0,0.0,-0.0,-0.0,0.0,1.0,0.0,0.0,-0.0,0.0,0.0,0.0,-0.0,0.0,0.0,-0.0,0.0,0.0,0.0,0.0,0.0,0.0,0.0,-0.0,0.0,0.0,-0.0
2019-10-17,-0.0,-0.0,0.0,0.0,0.0,-0.0,-0.0,0.0,1.0,0.0,0.0,-0.0,0.0,0.0,0.0,-0.0,0.0,0.0,-0.0,0.0,0.0,0.0,0.0,0.0,0.0,0.0,-0.0,0.0,0.0,-0.0
2019-10-18,-0.0,-0.0,0.0,0.0,0.0,-0.0,-0.0,0.0,1.0,0.0,0.0,-0.0,0.0,0.0,0.0,-0.0,0.0,0.0,-0.0,0.0,0.0,0.0,0.0,0.0,0.0,0.0,-0.0,0.0,0.0,0.0
2019-10-21,-0.0,-0.0,0.0,0.0,0.0,-0.0,-0.0,0.0,0.13905069901820832,0.0,0.0,-0.0,0.686541882556375,0.0,0.0,-0.0,0.0,0.0,-0.0,0.0,0.0,0.0,0.0,0.0,0.0,0.17440741842541657,0.0,0.0,0.0,-0.0
2019-10-22,-0.0,-0.0,0.0,0.0,0.0,-0.0,-0.0,0.0,0.33905242047356765,0.0,0.0,-0.0,0.5453137045890254,0.0,0.0,-0.0,0.0,0.0,-0.0,0.0,0.0,0.0,0.0,0.0,0.0,0.11563387493740697,0.0,0.0,-0.0,-0.0
2019-10-23,0.0,0.0,0.0,0.0,0.0,0.0,0.0,0.0,0.0,0.0,0.0,0.0,0.0,0.0,0.0,0.0,0.0,0.0,0.0,0.0,0.0,0.0,0.0,0.0,0.0,0.0,0.0,0.0,0.0,0.0
2019-10-24,-0.0,-0.0,0.0,0.0,0.0,-0.0,-0.0,0.0,0.21741617209183223,0.0,0.0,-0.0,0.7825838279081678,0.0,0.0,-0.0,0.0,0.0,-0.0,0.0,0.0,0.0,0.0,0.0,0.0,0.0,0.0,0.0,0.0,-0.0
2019-10-25,0.0,-0.0,0.0,0.0,0.0,-0.0,-0.0,0.0,0.1781675120261657,0.1947245995341418,0.0,-0.0,0.37722374943817855,0.0,0.02342206654236924,-0.0,0.0,0.0,0.0,-0.0,-0.0,0.0,0.0,0.0315256030251888,0.0,0.19493646943395587,0.0,0.0,0.0,-0.0
2019-10-28,0.0,0.0,0.0,0.0,0.0,0.0,-0.0,0.0,0.4586085121943406,0.006376338094399357,0.02219789516024166,-0.0,0.2950166600000872,0.0,0.0,0.0,0.0,0.0,0.0,-0.0,-0.0,0.0,0.0,0.0,0.0,0.21780059455093115,0.0,0.0,0.0,-0.0
2019-10-29,-0.0,-0.0,0.0,0.0,0.0,-0.0,-0.0,0.0,1.0,0.0,0.0,-0.0,0.0,0.0,0.0,-0.0,0.0,0.0,-0.0,0.0,0.0,0.0,0.0,0.0,0.0,0.0,-0.0,0.0,0.0,0.0
2019-10-30,0.0,0.0,0.0,0.0,0.0,-0.0,-0.0,0.0,1.0,0.0,0.0,-0.0,0.0,0.0,0.0,-0.0,0.0,0.0,0.0,-0.0,-0.0,0.0,0.0,0.0,0.0,0.0,0.0,0.0,0.0,-0.0
2019-10-31,0.0,0.0,0.0,0.0,0.0,-0.0,-0.0,0.0,0.7091608216344147,0.0,0.28694627447485466,-0.0,0.0,0.0,0.0,-0.0,0.0,0.0,0.0,-0.0,-0.0,0.0,-0.0,0.0,0.0,0.003892903890730616,0.0,0.0,0.0,-0.0
2019-11-01,0.0,0.0,0.0,0.0,0.0,0.0,-0.0,0.0,0.6253145070993547,0.0,0.29924568383875016,-0.0,0.0,0.0,0.0,-0.0,0.0,0.0,0.0,-0.0,-0.0,0.0,-0.0,0.0,0.0,0.07543980906189511,0.0,0.0,0.0,-0.0
2019-11-04,0.0,0.0,0.0,0.0,-0.0,0.0,-0.0,-0.0,0.7347561035411807,0.0,0.2652438964588193,-0.0,0.0,0.0,0.0,-0.0,0.0,0.0,0.0,-0.0,-0.0,0.0,-0.0,0.0,0.0,0.0,0.0,0.0,0.0,-0.0
2019-11-05,0.0,0.0,0.0,0.0,0.0,0.0,-0.0,0.0,0.875069189265145,0.0,0.09277054374590846,-0.0,0.0,0.03216026698894657,0.0,-0.0,0.0,0.0,0.0,-0.0,-0.0,0.0,0.0,0.0,0.0,0.0,0.0,0.0,0.0,-0.0
2019-11-06,0.0,0.0,0.0,0.0,-0.0,0.0,-0.0,0.0,0.703201625502408,0.0,0.23160667651478314,-0.0,0.0,0.06519169798280892,0.0,-0.0,0.0,0.0,0.0,-0.0,-0.0,0.0,-0.0,0.0,0.0,0.0,0.0,0.0,0.0,-0.0
2019-11-07,0.0,0.0,0.0053917166153189715,0.0,-0.0,0.0,-0.0,0.0,0.4332326410971429,0.0,0.2412397480983907,-0.0,0.0,0.25838835946976585,0.0,0.0,0.0,0.0,0.0,-0.0,-0.0,0.0,0.0,0.0,-0.0,0.061747534719381644,0.0,0.0,0.0,-0.0
2019-11-08,0.0,0.0,0.04732752002617015,0.0,-0.0,0.0,-0.0,0.0,0.32011949403103385,0.0,0.3273463626511067,-0.0,0.0,0.3052066232916893,0.0,0.0,0.0,0.0,0.0,-0.0,-0.0,0.0,0.0,0.0,0.0,0.0,0.0,0.0,0.0,-0.0
2019-11-11,0.0,0.0,0.0,0.0,0.0,0.0,-0.0,0.0,0.285528592899488,0.0,0.2002498555674306,-0.0,0.0,0.5142215515330814,0.0,0.0,0.0,0.0,0.0,-0.0,-0.0,0.0,0.0,0.0,0.0,0.0,0.0,0.0,0.0,-0.0
2019-11-12,0.0,0.0,0.0,0.0,0.0,0.0,-0.0,0.0,0.17448204137190818,0.0,0.2596084661805481,-0.0,0.0,0.5659094924475437,0.0,0.0,0.0,0.0,0.0,-0.0,-0.0,0.0,-0.0,0.0,0.0,0.0,0.0,0.0,0.0,0.0
2019-11-13,0.0,0.0,0.0,0.0,-0.0,0.0,-0.0,-0.0,0.13150208316202225,0.0,0.4754261906363013,-0.0,0.0,0.3930717262016764,0.0,0.0,0.0,0.0,0.0,-0.0,-0.0,0.0,-0.0,0.0,0.0,0.0,0.0,0.0,0.0,0.0
2019-11-14,0.0,0.0,0.0,0.0,-0.0,0.0,-0.0,0.0,0.2835907900073241,0.0,0.32125535065570804,-0.1097027905566649,0.0,0.28545106878030296,0.0,0.0,0.0,0.0,0.0,-0.0,-0.0,0.0,0.0,0.0,-0.0,0.0,0.0,0.0,0.0,-0.0
2019-11-15,0.0,0.0,0.0,0.0,-0.0,0.0,-0.0,0.0,0.23059281430382012,0.0,0.2927356169175779,-0.21509890203495183,0.0,0.2528543718678008,0.0,0.0,0.0,0.0,0.0,-0.0,-0.0,0.0,0.0,0.0,-0.0,0.0,0.0,0.0,0.008718294875849433,-0.0
2019-11-18,0.0,0.0,0.0,-0.0,-0.0,0.0,-0.0,-0.0,0.15665794805531214,0.0,0.20112589550133622,-0.1729547130098829,0.0,0.4054354642687769,0.0,0.02001068709234291,0.0,0.0,0.0,-0.0,-0.0,0.0,-0.0,0.0,-0.0,0.0,-0.0,0.0,0.043815292072348834,0.0
2019-11-19,0.0,0.0,0.0,-0.0,-0.0,0.0,-0.0,-0.0,0.14493070048896484,0.0,0.14352964308668514,-0.17794792109306026,0.0,0.4557414490334225,0.0,0.0297954864788438,0.0,0.0,0.0,-0.0,-0.0,0.0,-0.0,0.0,-0.0,0.0,-0.0,-0.0,0.04805479981902353,0.0
2019-11-20,0.0,0.02988238457960137,0.0,-0.0,-0.0,0.04232388744922532,-0.0,-0.0,0.11789240271085082,0.0,0.14067794072107026,-0.15798912115839855,0.0,0.3659908424682087,0.0,0.0674829276460736,0.0,0.0,0.0,-0.0,-0.0,0.0,0.0,0.0,-0.0,0.0,-0.0,0.0,0.07776049326657138,0.0
2019-11-21,0.0,0.05013090185157409,0.033484219666060064,0.0,-0.0,0.01648752330198849,-0.0,0.0,0.16221503446652377,0.0,0.17444766432027808,-0.12410329670760377,0.0,0.3276773646905331,0.0,0.05443692848998239,0.0,0.0,0.0,-0.0,-0.0,0.0,0.0,0.0,-0.0,0.02302420566698545,0.0,0.0,0.033992860838470834,-0.0
2019-11-22,0.0,0.03449754076304371,0.04521572210171512,0.0,-0.0,0.0,-0.02277495028716735,0.0,0.17799676094060332,0.0,0.18246198850407477,-0.10015058133615985,0.0,0.3115156642329169,0.0,0.02465175709762755,0.0,0.0,0.0,-0.0,-0.0,0.0,0.0,0.03521257874622118,-0.0,0.06063655811720794,0.0,0.0,0.0048858978732623775,-0.0
2019-11-25,0.0,0.033809130118809295,0.058988455091073,0.0,-0.0,0.028362556598602554,-0.04228820982869339,0.0,0.12661921032854012,0.0,0.1562085962869052,-0.11573354450696184,0.0,0.2628893734707207,0.0,0.05698420149498532,0.0,0.0,0.0,-0.0,-0.0,0.0,0.0,0.013283810954197842,-0.0,0.05230399052046897,0.0,0.0,0.052528920800041685,-0.0
2019-11-26,0.0,0.03707051843053934,0.0643416195945491,0.0,-0.0,0.017453047624354817,-0.04363935083852919,0.0,0.13400821177379058,0.0,0.1645248477353096,-0.1131627091023025,0.0,0.26751669232891334,0.0,0.03988504291956906,0.0,0.0,0.0,-0.0,-0.0,0.0,0.0,0.01498407694254948,-0.0,0.055913328446856786,0.0,0.0,0.04750055426273638,-0.0
2019-11-27,0.007692321848862557,0.021931892960933785,0.06656238349955972,0.0,-0.0,0.03013606822024215,-0.025196396763702094,0.0,0.12180966660591902,0.0,0.17204603802710175,-0.1116996288121574,0.0,0.2892062107103506,0.0,0.0485904720529329,0.0,0.0,0.0,-0.0,-0.0,0.0,0.0,0.0,-0.0,0.0460642956518114,0.0,0.0,0.05906462484642672,-0.0
2019-11-28,0.001660256962736139,0.057386866645670755,0.055448276323838294,0.0,-0.0,0.03756199342595048,-0.0186305256256136,0.0,0.12977480072634268,0.0,0.15006101789342907,-0.09391335417122194,0.0,0.2696792440147328,0.0,0.060398983695797756,0.0,0.0,0.0,-0.0,-0.0,0.0,0.0,0.018559305004472487,-0.0,0.058887627554920455,0.0,0.0,0.04803774795527366,-0.0
2019-11-29,0.0304617719929004,0.05689647867281226,0.06174111742409032,0.0,-0.0,0.05390605257145091,-0.0380828669302696,0.0,0.09358777808593237,0.0,0.13393866375013866,-0.1085619797959175,0.0,0.2376331298659371,0.0,0.07063543509444328,0.013756840637591635,0.0,0.0,-0.0,-0.0,0.0,0.0,0.0,-0.0,0.03250888589546381,0.0,0.0,0.06828899928305211,-0.0
2019-12-02,0.02574232589585376,0.060494925266703636,0.06913949394393766,0.0,-0.0,0.046807987983555156,-0.04295792928705226,0.0,0.1103931880268627,0.0,0.1334645125720062,-0.08949527029408966,0.0,0.1883588807524747,0.006313285170445242,0.058383849139930916,0.01718335389993031,0.0,0.0,-0.0,-0.0,0.0,0.0,0.030752424316397155,-0.0,0.06340423361514276,0.0,0.0,0.057108339835618,-0.0
2019-12-03,0.012008297396539558,0.04672228054564976,0.07077575976815544,0.0,-0.0,0.05843976723213725,-0.039792550807631354,0.0,0.10027296007886327,0.00032372508915901233,0.13277765673341277,-0.08817516851668299,0.0,0.16351300803639546,0.023471058287327495,0.059555315283568895,0.01944423684770363,0.0016706113586941126,0.0,-0.0,-0.0,0.002573807364927605,0.0,0.0339392845668837,-0.0,0.07493631379078611,0.0,0.0,0.0716081982954815,-0.0
2019-12-04,0.0,0.00964842541547781,0.07917898739838945,0.0,-0.0,0.06938064107154698,-0.043047710033783555,0.0,0.09439482374245525,0.0,0.15400278090176406,-0.11649989472492323,0.0,0.16641527493888633,0.0026386808437915536,0.0686690230014441,0.022412339099633943,0.0,0.0,-0.0,-0.0,0.0,0.0,0.008075230043220027,-0.0,0.0756503029778355,0.0,0.0,0.08998588580684802,-0.0
2019-12-05,0.0,0.0,0.07324863107087098,0.0,-0.0,0.06629760497182974,-0.0379052569595681,0.0,0.08409411001529099,0.0,0.17019911016655992,-0.13844179412793298,0.0,0.18006399693737837,0.0,0.06409304186884042,0.003561250014890352,0.0,0.0,-0.0,-0.0,0.0,0.0,0.0,-0.0,0.07988006839666291,0.0,0.0,0.10221513547017526,-0.0
2019-12-06,0.0,0.02125888824458233,0.06981128485335389,0.0,-0.0,0.09375403150747139,-0.060302787855629016,0.0,0.06861043790764826,0.0,0.1302113104262524,-0.13126277061045652,0.0,0.14033675705634377,0.0,0.08665667521387677,0.03430873540035624,0.0,0.0,-0.0,-0.0,0.0,0.0,0.000783183141781211,-0.0023559280867507357,0.04753407481761947,0.0,0.0,0.112813134877878,-0.0
2019-12-09,0.0,0.03915664163945858,0.0735668242915715,0.0,-0.008045696117026007,0.0989394504392131,-0.0567455253017889,0.0,0.06805764708434285,0.0,0.13274742884496563,-0.12959126445277763,0.0,0.12071294508628377,0.0,0.09594014201032981,0.03415973865644401,0.0,0.0,-0.0,-0.0,0.0,0.0,0.0,-0.0,0.03527570296157354,0.0,0.0,0.10706099311422464,-0.0
2019-12-10,0.0034488980169446086,0.04521411636749041,0.07221056803963834,-0.0,-0.028974234809066496,0.0993782714317239,-0.062148370088416255,0.0,0.07326314872533754,0.0,0.12561026789021484,-0.12698052102011667,0.0,0.0985851539615807,0.0,0.09753134739608302,0.03492493056470965,0.0,0.0,-0.0,-0.0,0.0,0.0,0.0,-0.0,0.03624532496770631,0.0,0.0,0.09548484672097116,-0.0
2019-12-11,0.010704406089011654,0.04129489770941801,0.07113382035119548,-0.0,-0.04543115458121619,0.10271525521438842,-0.08310599347249224,-0.0,0.05701227305334671,0.0,0.12344295614249298,-0.14434722040094722,-0.0,0.06192104476795062,0.0,0.1052955557642179,0.03159645725890546,0.0,0.00704469038066682,-0.007060183441262187,-0.007056473725312848,0.0,-0.0,0.0,-0.0,0.0048966045552307135,0.0,0.0,0.09594101309194451,-0.0
2019-12-12,0.02342482787132462,0.0622094868022533,0.07931827666899739,-0.0,-0.05497476014522594,0.09474264137897567,-0.05994123980585239,0.0,0.07843629868900619,0.0,0.14736370494611498,-0.1302438804593903,-0.0,0.05543882722203803,0.0,0.10557650300820949,0.006487379707229616,0.0,0.0,-0.0,-0.0,0.0,0.0,0.0,-0.0,0.0313516906152018,0.0,0.0,0.07049048268018031,-0.0
2019-12-13,0.01752119653671246,0.06605065863128692,0.06821792823797562,-0.0,-0.07512524542517017,0.11181512073831719,-0.05357493846583475,0.0,0.04873503055418884,0.0,0.14389971233740012,-0.15393998640584786,-0.0,0.051302128858857536,0.0,0.13020856785049895,0.0,0.0,0.0,-0.0,-0.0,0.0,0.0,0.0,-0.0,0.0,0.0,0.0,0.07960948595790968,-0.0
2019-12-16,0.0,0.07493639663157722,0.06233010353353059,-0.0,-0.09867494362808318,0.11940149057921383,-0.03142227505739727,0.0,0.04074519014606055,0.0,0.1702742342505319,-0.17077165077934645,0.0,0.020543887156385273,0.0,0.16018423769826617,0.0,0.0,0.0,-0.0,-0.0,0.0,0.0,0.0,-0.0,0.0,0.0,-0.0,0.05071559053960755,-0.0
2019-12-17,0.0,0.08726980590756836,0.018194961149608137,-0.0,-0.07604694850802526,0.12851866203205214,-0.0,0.0,0.024416832257514308,0.0,0.1919162700662308,-0.2181052844153764,0.0,0.03136814345254954,0.0,0.1894078865777613,0.0,0.0,0.0,-0.0,-0.0,0.0,0.0,0.0,-0.0,0.0,-0.0,-0.0,0.03475520563331375,-0.0
2019-12-18,0.0,0.1228940761031483,0.03070571054370931,0.0,-0.04797181641345318,0.06745792103902967,-0.0,0.0,0.10615917886090981,0.0,0.20777000370943957,-0.15263170682569271,0.0,0.09344449632676348,0.0,0.13300618056507715,0.0,0.0,0.0,-0.0,-0.0,0.0,0.0,0.0,-0.0,0.03795890961277681,0.0,-0.0,0.0,-0.0
2019-12-19,0.0,0.12993951075682633,0.013959733851525316,0.0,-0.07834453658032504,0.10043998663822727,-0.0,0.0,0.07166208957381574,0.0,0.1816164101809,-0.16413276190390358,0.0,0.09027096772708361,0.0,0.16963400278739316,0.0,0.0,0.0,-0.0,-0.0,0.0,0.0,0.0,-0.0,0.0,-0.0,-0.0,0.0,0.0
2019-12-20,0.013246719915116549,0.11764647565584939,0.05802831465472495,0.0,-0.09407925880523946,0.09485660502975009,-0.002052614722020409,0.0,0.07777189123562936,0.0,0.1352760323163726,-0.11187712958962782,0.0,0.06907363827652069,0.0,0.12952389115780832,0.0,0.0,0.0,-0.0,-0.0,0.004369232999479496,0.0,0.024821141671262672,-0.0,0.042158218089739345,0.0,0.0,0.025218835880858888,-0.0
2019-12-23,0.0,0.10569900444945082,0.0329055140054566,0.0,-0.10318362756566266,0.1286070173912202,-0.0,0.0,0.046943843355231364,0.0,0.11720471837713714,-0.14917838356778218,0.0,0.09896981601098348,0.0,0.16460924996069604,0.0,0.0,0.0,-0.0,-0.0,0.0,0.0,0.0,-0.0,0.0,0.0,-0.0,0.05269882531637942,-0.0
2019-12-24,0.0,0.0820489834846819,0.04609441314866356,-0.0,-0.12344843500395812,0.15493251362169194,-0.0,0.0,0.002145233848772837,-0.0,0.12939294544635507,-0.12691075739642865,-0.0,0.08564410413390743,0.0,0.18074955167856122,0.0,0.0,0.0,-0.0,-0.0,0.0,0.0,0.0,-0.0,0.0,0.0,-0.0,0.06863306223697925,-0.0
2019-12-25,0.0,0.03088997650444622,0.04055809243276512,-0.0,-0.11663840563537411,0.20205882532537464,-0.0,-0.0,0.0,-0.0,0.09605161953209547,-0.1472876931446535,-0.0,0.047935041584335064,-0.0,0.21786606114146737,0.0,0.0,0.0,-0.0,-0.0,-0.0,-0.0,0.0,-0.0,0.0,0.0,-0.0,0.10071428469948837,0.0
2019-12-26,0.0,0.08319824259146488,0.016031811996389145,-0.0,-0.08121571899895337,0.1693337279233934,-0.0,0.0,0.0,-0.0,0.11957117126486684,-0.15647468727948857,-0.0,0.09848319439578151,0.0,0.2269714576903639,0.0,0.0,0.0,-0.0,-0.0,0.0,0.0,0.0,-0.0,0.0,0.0,-0.0,0.04871998785929821,0.0
2019-12-27,0.0,0.0,0.0,-0.0,-0.09306102905726782,0.23601718993678256,-0.0,-0.0,0.0,-0.0,0.04468574016510123,-0.22053427754469881,-0.0,0.0,-0.0,0.35625038710596735,0.0,-0.0,0.0,-0.0,-0.0,-0.0,-0.0,0.0,0.0,0.0,-0.0,-0.0,0.04945137619018225,0.0
2019-12-30,0.0,0.0,0.0,-0.0,-0.20652095218192792,0.20990986378427384,-0.0,-0.0,0.0,-0.0,0.08390291856661493,-0.16986648675829247,-0.0,0.0,-0.0,0.22525693248287185,0.0,0.0,0.0,-0.0,-0.0,-0.0,-0.0,0.0,-0.0,0.0,0.0,-0.0,0.10454284622601902,0.0
2019-12-31,0.0,0.0,0.0,-0.0,-0.2164781312277563,0.20878965177983322,-0.0,-0.0,0.0,-0.0,0.05959405117969653,-0.1711809017060188,-0.0,0.0,-0.0,0.23724405490762704,0.0,0.0,0.0,-0.0,-0.0,-0.0,-0.0,0.0,0.0,0.0,0.0,-0.0,0.10671320919906811,0.0
2020-01-02,0.0,0.013911724986443214,0.0,-0.0,-0.23349722667748232,0.21204602695319738,-0.0,-0.0,0.0,-0.0,0.06923192309626842,-0.1498105237972578,-0.0,0.0,-0.0,0.2595303364054528,0.0,-0.0,-0.0,0.0,0.0,0.0,0.0,0.0,0.0,0.0,0.0,-0.0,0.061972238083898096,0.0
2020-01-03,0.0,0.01626059370264042,0.003725352327430659,-0.0,-0.24722771756878148,0.19589787148099333,-0.0,-0.0,0.0,-0.0,0.07839930631778498,-0.15308953711647424,-0.0,0.0,0.0,0.2669178085708031,0.0,0.0,0.0,-0.0,-0.0,0.0,0.0,0.0,0.0,0.0,0.0,-0.0,0.038481812915091826,-0.0
2020-01-06,0.0,0.018690326904481743,0.004786702857161321,-0.0,-0.16725367227001858,0.19737199793502033,-0.0,-0.0,0.0,-0.0,0.09176807742406455,-0.1947871634749897,-0.0,0.0,0.0,0.24827418442493265,0.0,0.0,0.0,-0.0,-0.0,0.0,0.0,0.0,0.0,0.0,0.0,-0.0,0.07706787470933121,-0.0
2020-01-07,0.0,0.05805545085118486,0.10064370386460914,-0.0,-0.11502679414119656,0.13131862698999727,-0.025737317350744686,0.0,0.0,0.0,0.13622112605371753,-0.14438293010167294,-0.0,0.0,0.0,0.15551868223278018,0.07177671006788906,0.0,0.0,-0.0,-0.0,0.0,0.0,0.0,-0.0,0.0,0.0,0.0,0.06131865834620791,-0.0
2020-01-08,0.029581067924033522,0.04813418321915563,0.1080451157047735,-0.0,-0.11613536319113038,0.11276323719384614,-0.06700883483684396,0.0,0.0,0.0,0.12113852061665306,-0.12342471865613554,-0.0,0.0,0.0,0.12447862035028459,0.09209335395855087,0.0,0.0,-0.0,-0.0,0.0,0.0,0.0,-0.0,0.0,0.0,0.0,0.05719698434859297,-0.0
2020-01-09,0.04446464338035772,0.05600434067752859,0.09858358944814044,0.0,-0.11494726131201086,0.10479014352419798,-0.06571256799959746,0.0,0.0,0.0,0.10697699565936493,-0.10933516131133202,-0.0,0.0,0.0,0.10982551905895722,0.0844099829690381,0.0,0.015127538573750699,-0.015141346704157795,-0.015138369206725719,0.0,0.0,0.0,-0.0,0.0,0.0019555384802429033,0.0,0.05758700169459751,-0.0
2020-01-10,0.053200822566117176,0.031949486765498074,0.09682340261787419,0.0,-0.12377280196020589,0.10222580073028611,-0.06624673876481015,0.0,0.0,0.0,0.09143994255994019,-0.09648844083646702,-0.0,0.0,0.0,0.09291535642699728,0.093333151427374,0.0,0.020489229188890092,-0.020502374507370406,-0.020499538747605944,0.0,0.0,0.0,-0.0,0.0,0.02352583687672016,0.0,0.06658707602384338,-0.0
2020-01-13,0.05301815016738381,0.042001877838894655,0.08256644384999372,0.0,-0.09739307725218406,0.08497462029925294,-0.06289409488766438,0.0,0.0031959678482297877,0.0,0.07783245718539769,-0.07668657959954685,-0.0,0.0,0.0,0.0786255237830847,0.07498895887532502,0.014821100483333217,0.03405253181466202,-0.03406080345792136,-0.03405903437129474,0.0,0.0,0.0,-0.008622702232151773,0.014016541281004265,0.0420095532251006,0.0,0.06045422441040299,-0.023725757137171365
2020-01-14,0.0387979779580607,0.04934035873635613,0.09859149958051655,0.0,-0.11870295033325644,0.10381091991826114,-0.06836120721294771,0.0,0.0,0.0,0.0972831052105556,-0.12067272910141535,-0.0,0.0,0.0,0.10883676932917291,0.08444455863686191,0.0,0.015029995443102552,-0.015047436963412996,-0.015038215054963574,0.0,0.0,0.0,-0.0,0.0,0.007247558831827997,0.0,0.05879471768928846,-0.0
2020-01-15,0.017552288387217018,0.0231979664118577,0.09914687786745488,0.0,-0.13451560452910752,0.1352013992726065,-0.05152741320043329,0.0,0.0,0.0,0.08716071068404817,-0.13965959086499233,-0.0,0.0,0.0,0.11706296255852211,0.09469965044129922,0.0,0.0,-0.0,-0.0,0.0,0.0,0.0,-0.0,0.0,0.0,0.0,0.10027553578246122,-0.0
2020-01-16,0.01572410319247598,0.014116281252320754,0.11412616655734158,0.0,-0.13869758655660885,0.12158434474900012,-0.05737581619461524,0.0,0.0,0.0,0.09231825868526888,-0.12913908181443895,-0.0,0.0,0.0,0.1018177115392008,0.10784453850926798,0.0,0.0,-0.0,-0.0,0.0,0.0,0.0,-0.0,0.0,0.025575441291645358,0.0,0.08168066965781555,-0.0
2020-01-17,0.0,0.016445396021563027,0.1059777180854884,-0.0,-0.15733715334464318,0.1374055061916084,-0.0324329878661335,0.0,0.0,0.0,0.09178341019780485,-0.167859890497139,-0.0,-0.0,0.0,0.13155412841188002,0.09922059372940374,0.0,0.0,-0.0,-0.0,0.0,0.0,0.0,-0.0,0.0,0.0,0.0,0.05998321565433582,-0.0
2020-01-20,0.0,0.0,0.0,-0.0,-0.1161649450342087,0.14032732914478988,-0.0,0.0,0.0,-0.0,0.0,-0.46411190838624566,-0.0,-0.0,0.0,0.2793958174347558,0.0,0.0,0.0,-0.0,-0.0,0.0,0.0,0.0,-0.0,0.0,0.0,-0.0,0.0,-0.0
2020-01-21,0.0,0.0,0.0,-0.0,-0.0,0.0,-0.0,-0.0,0.0,-0.0,0.0,-1.0,-0.0,-0.0,0.0,0.0,0.0,0.0,0.0,-0.0,-0.0,-0.0,-0.0,0.0,0.0,0.0,0.0,-0.0,0.0,-0.0
2020-01-22,0.0,0.0,0.0,0.0,0.0,0.0,0.0,0.0,0.0,0.0,0.0,0.0,0.0,0.0,0.0,0.0,0.0,0.0,0.0,0.0,0.0,0.0,0.0,0.0,0.0,0.0,0.0,0.0,0.0,0.0
2020-01-23,0.0,0.0,0.0,0.0,-0.0,0.0,-0.0,0.0,0.0,0.0,0.0,-1.0,-0.0,-0.0,0.0,0.0,0.0,0.0,0.0,-0.0,-0.0,0.0,0.0,0.0,-0.0,0.0,0.0,0.0,0.0,-0.0
2020-02-03,0.0,0.0,0.0,0.0,-0.0,0.0,-0.0,0.0,0.0,0.0,0.0,-1.0,-0.0,-0.0,0.0,0.0,0.0,0.0,0.0,-0.0,-0.0,0.0,0.0,0.0,0.0,0.0,0.0,0.0,0.0,-0.0
2020-02-04,0.0,0.0,0.0,0.0,0.0,0.0,0.0,0.0,0.0,0.0,0.0,0.0,0.0,0.0,0.0,0.0,0.0,0.0,0.0,0.0,0.0,0.0,0.0,0.0,0.0,0.0,0.0,0.0,0.0,0.0
2020-02-05,0.0,0.0,0.0,0.0,0.0,0.0,0.0,0.0,0.0,0.0,0.0,0.0,0.0,0.0,0.0,0.0,0.0,0.0,0.0,0.0,0.0,0.0,0.0,0.0,0.0,0.0,0.0,0.0,0.0,0.0
2020-02-06,0.0,0.0,0.16788828195986494,0.0,-0.5475298392108302,0.054041614396965046,-0.0,0.0,0.0,0.0,0.0,-0.14782341099431057,-0.0,-0.0,0.0,0.07235317311602822,0.010363680322000968,0.0,0.0,-0.0,-0.0,0.0,0.0,0.0,-0.0,0.0,0.0,0.0,0.0,-0.0
2020-02-07,0.0,0.0,0.1788887024687002,0.0,-0.2005897939837114,0.12938819899359835,-0.0,0.0,0.0,0.0,0.10624089680791367,-0.0906215626423479,0.0,-0.0,0.0,0.10948124840166386,0.12981018027647084,0.0,0.0,-0.0,-0.0,0.0,0.0,0.0,-0.0,0.0,0.011165701576059905,0.0,0.043813714849533766,-0.0
2020-02-10,0.02396959675710076,0.0031709139802130544,0.13206240465500255,0.0,-0.15265241413878405,0.12104231067863856,-0.026037858906769115,0.0,0.0,0.0,0.11889050321727589,-0.07745959648427032,0.0,-0.0,0.0,0.11573699753731612,0.09363321323164318,0.008587233039279307,0.0,-0.0,-0.0,0.0,0.0,0.0,-0.0,0.02990932540804912,0.03676323148365502,0.0,0.05947533490528234,-0.0006090655767204527
2020-02-11,0.0,0.0,0.1891080325341219,0.0,-0.11518113564107944,0.09993791767529005,-0.0,0.0,0.0,0.0,0.08166031656365001,-0.07621225067189454,0.0,-0.0,0.0,0.06632445378486829,0.18994306916118803,0.018135850864064034,0.0,-0.0,-0.0,0.0,0.0,0.0,-0.0,0.0,0.07977746322302129,0.0,0.0837195098808226,-0.0
2020-02-12,0.0,0.0,0.25669371193220175,0.0,-0.10628723665417625,0.0,-0.0,0.0,0.0,0.0,0.10878739308475598,-0.0,0.0,-0.0,0.0,0.0,0.26159276357934746,0.07938707643180222,0.0,-0.0,-0.0,0.0,0.0,0.0,-0.0,0.0,0.1872518183177163,0.0,0.0,-0.0
2020-02-13,0.0,0.0,0.13794773213700764,0.004229445350306826,-0.03232698470787974,0.0,-0.0,0.0,0.0,0.06516568755638293,0.0718241358301352,-0.0,0.0,-0.0,0.052677870599573656,0.0,0.11834731953161416,0.12706667800305452,0.0,-0.0,-0.0,0.0,0.0,0.0,-0.0,0.07932240215676102,0.15970047611774058,0.08691943678153269,0.0,-0.06447183122801106
2020-02-14,0.0,0.0,0.11148408206184775,0.0074173684482460875,-0.05069863202187536,0.025869112695658794,-0.01768840339269588,0.0,0.0,0.06149819133646893,0.058812784536496084,-0.024658097775075372,0.0,-0.0,0.05387861016676404,0.026485449037885543,0.10190414180505043,0.11076833787127872,0.0,-0.0,-0.0,0.0,0.0,0.0,-0.0,0.07264849683236738,0.12288189318825225,0.07168467007626764,0.014438125767725317,-0.0671836029860444
2020-02-17,0.013980724021379096,0.001082690260515197,0.09272699052045172,0.012987445237563762,-0.06057806525923769,0.04592198472677136,-0.03235458881861827,0.001950943322422984,0.0,0.052990487997642936,0.04625165626032915,-0.03553467556816882,0.0,0.0,0.046426264762917065,0.03868135682468634,0.09883899136983001,0.09108294913061489,0.0,-0.0,-0.0,0.0,0.0,0.0,-0.0,0.05708847078761155,0.10389317162036453,0.062398662093795965,0.045880177197121556,-0.05934970421995725
2020-02-18,0.0,0.0055089364305675554,0.07857730575241753,0.04176920076200853,-0.04409292903481738,0.02598046617597711,-0.005506048015153582,0.032154707720756716,0.0,0.07431986993672501,0.03807488013979107,-0.006335867184975243,0.0,0.0,0.06552106500788281,0.022026628749947267,0.07132338096235871,0.10594008028986528,0.0,-0.0,-0.0,0.0,0.014785577560013932,0.007794450147066194,-0.0,0.07233958472651049,0.11460653423256431,0.08006973344554769,0.020346504139625302,-0.07292624958542834
2020-02-19,0.0,0.012575229685039765,0.06820109637271288,0.04145038561676644,-0.03741946331017181,0.018900244911375756,-0.005432428021599088,0.029272275488283126,0.004357490606060123,0.07940694391541295,0.03357123476507067,-0.008121579774759248,0.0,0.0,0.06914174630457187,0.016001285899448756,0.05196170077663329,0.10875427674722095,0.0,-0.0,-0.0,0.0011832013894508516,0.02319154625730069,0.016441888317421122,-0.0,0.07555961333994156,0.11635236077214334,0.0819944166096035,0.01791381166163517,-0.08279577945737715
2020-02-20,0.0,0.0,0.08395833046841643,0.027317777564998966,-0.03627860138065109,0.016760642717786736,-0.010973414474641927,0.013074250705230044,0.0,0.07655455441854216,0.03767093635193923,-0.00736244393410173,0.0,0.0,0.06192328090841491,0.007491825469190387,0.07993357414936832,0.11946756323722325,0.0,-0.0,-0.0,0.0,0.0,0.0020286856452696243,-0.0,0.07871811836271428,0.13389753593772352,0.08755746861608303,0.026389568270285248,-0.09264142738741908
2020-02-21,0.0,0.0,0.10770034716803442,0.0,-0.019251472135931504,0.01077181093670809,-0.02279579829097101,0.0,0.0,0.03772867581004021,0.022534348474292067,-0.03246701970883832,0.0,0.0,0.02996117676992282,0.0,0.1258914642816482,0.13950433243106966,0.0,-0.0,-0.0,0.0,0.0,0.0,-0.0,0.07105771647976326,0.15885727808647304,0.053369086793713716,0.050750139055347636,-0.11735933357724587
2020-02-24,0.0,0.0,0.10533481851367647,0.0,-0.0,0.0,-0.0,0.0,0.0,0.0,0.0,-0.07180158110193623,-0.0,-0.0,0.0,0.0,0.23887984245096228,0.10213366501180908,0.0,-0.0,-0.0,0.0,0.0,0.0,-0.0,0.0,0.18592444730028287,0.0,0.19407472477274088,-0.10185092084859211
2020-02-25,0.0,0.0,0.08349110830922128,0.0,-0.056329598039229184,0.07100414591685196,-0.03886638150964235,0.0,0.0,0.0,0.0,-0.10976266751923897,0.0,0.0,0.0,0.025746641657367314,0.1399934724613074,0.07928760913033338,0.0,-0.0,-0.0,0.0,0.0,0.0,-0.04263433812281291,0.00669666266531761,0.11114009171876778,0.0,0.1562125998081961,-0.07883468314171385
2020-02-26,0.0,0.0,0.07741902962366959,0.0,-0.049166830565696526,0.05745009781886935,-0.042955753208644136,0.0,0.0,0.0,0.0,-0.10674419445183117,0.0,0.0,0.0,0.00866411913950921,0.13096484825520593,0.09808831835319097,0.0,-0.0,-0.0,0.0,0.0,0.0,-0.04017202500507217,0.01876816042571601,0.12871382896054492,0.0,0.14481285792482462,-0.09607993626722533
2020-02-27,0.0,0.0,0.07978298845367279,0.0,-0.047352056189321444,0.0,-0.04175051663055069,0.0,0.0,0.043420622523098404,0.01552026166360703,-0.03747140777391672,0.0,-0.0,0.04071582849894855,0.0,0.08432331216007856,0.14727007854234828,0.0,-0.0,-0.0,0.0,0.0,0.0,-0.001498510511472534,0.08015154274533086,0.1383696151272067,0.04600002136294673,0.0724488505824198,-0.12392438723508095
2020-02-28,0.0,0.0,0.0,0.0,-0.0,0.0,-0.0,0.0,0.0,0.0,0.0,-0.0,0.0,-0.0,0.0,0.0,0.111376704522644,0.25531035823873643,0.0,-0.0,-0.0,0.0,0.0,0.0,-0.0,0.0,0.3170454241752006,0.0,0.14361238605505625,-0.17265512700836272
2020-03-02,0.0,0.0,0.10225905650375017,0.0,-0.03580517126045486,0.0,-0.020948896598580333,0.0,0.0,0.0,0.0,-0.040232750647589084,0.0,-0.0,0.0,0.0,0.17163168510016708,0.1586149339084373,0.0,-0.0,-0.0,0.0,0.0,0.0,-0.0,0.0,0.20088219133979768,0.009949774085882917,0.14767941301574938,-0.11199612753959119
2020-03-03,0.0,0.0,0.0843855890526025,0.0,-0.0,0.0,-0.0,0.0,0.0,0.0,0.0,-0.0,0.0,-0.0,0.0,0.0,0.2077811357334676,0.19100361575482086,0.0,-0.0,-0.0,0.0,0.0,0.0,-0.0,0.0,0.2845142503223657,0.0,0.12862997992527525,-0.10368542921146809
2020-03-04,0.0,0.0,0.08530829065577714,0.0,-0.06924307724056973,0.0,-0.04769695533441634,0.0,0.0,0.010894380273067193,0.0,-0.07242612156213189,0.0,0.0,0.0,0.0,0.13893709691224257,0.1280487546577291,0.0,-0.0,-0.0,0.0,0.0,0.0,-0.0,0.012878390201737071,0.16050812227148864,0.04341827507456888,0.12389666041618853,-0.10674387540008295
2020-03-05,0.0,0.0,0.08369132643869921,0.0,-0.0772782735723948,0.01813872345304988,-0.059856333905651524,0.0,0.0,0.018564720596981492,0.012701392119103655,-0.07064271190962888,0.0,0.0,0.0,0.0021819002861773375,0.11716859284462382,0.11648770857665687,0.0,-0.0,-0.0,0.0,0.0,0.0,-0.00482623639522704,0.035600104629618046,0.13695218155229297,0.044602044148904535,0.10092796871608294,-0.10037978085490683
2020-03-06,0.0,0.0,0.039419732050686516,0.0,-0.19065246684583348,0.0,-0.0,0.0,0.0,0.0,0.0,-0.05875095309462455,0.0,0.0,0.0,0.0,0.08249422087091794,0.1812406303002241,0.0,-0.0,-0.0,0.0,0.0,0.0,-0.0,0.01743404799357629,0.1669234702150348,0.0,0.20773567818005614,-0.05534880044904617
2020-03-09,0.0,0.0,0.06382744748423325,0.0,-0.141320285371016,0.04318685341988277,-0.013913132895153616,0.0,0.0,0.0,0.0,-0.12426846143139364,0.0,0.0,0.0,0.0,0.14907633216015131,0.0451968967595397,0.0,-0.0,-0.0,0.0,0.0,0.0,-0.0,0.0,0.13107684205992795,0.0,0.27065876274946227,-0.017474985669239555
2020-03-10,0.0,0.0,0.0,0.0,-0.0,0.0,-0.0,0.0,0.0,0.0,0.0,-0.0,0.0,0.0,0.0,0.0,0.0,0.025801978680668254,0.0,-0.0,-0.0,0.0,0.0,0.0,-0.0,0.0,0.6929004586660651,0.0,0.24808480865588245,-0.03321275399738421
2020-03-11,0.0,0.32129408620191874,0.0,0.02166322352112409,-0.1457105848134006,0.0,-0.0,0.0,0.0,0.0,0.0,-0.10138370149687756,0.0,0.0,0.0,0.0,0.0,0.04145612361146628,0.0,-0.0,-0.0,0.0,0.0,0.0,-0.08104058256176958,0.0,0.0,0.0,0.14909288692352737,-0.13835881086991575
2020-03-12,0.0,0.0,0.0,0.0,-0.0,0.0,-0.0,0.0,0.0,0.0,0.0,-0.0,0.0,0.0,0.0,0.0,0.0,0.0,0.0,-0.0,-0.0,0.0,0.0,0.0,-1.0,0.0,0.0,0.0,0.0,-0.0
2020-03-13,0.0,0.47479977399387174,0.0,0.0,-0.0,0.0,-0.0,0.0,0.0,0.0,0.0,-0.0,0.0,0.3412202232905027,0.0,0.0,0.0,0.0,0.0,-0.0,-0.0,0.0,0.0,0.0,-0.18398000271562556,0.0,0.0,0.0,0.0,-0.0
2020-03-16,0.0,0.5339178793527558,0.0,0.0,-0.0,0.0,-0.0,0.0,0.0,0.0,0.0,-0.0,0.0,0.434940669791704,0.0,0.0,0.0,0.0,0.0,-0.0,-0.0,0.0,0.0,0.0,-0.03114145085554022,0.0,0.0,0.0,0.0,-0.0
2020-03-17,0.0,0.3725647500683206,0.0,0.0,-0.0,0.0,-0.0,0.0,0.0,0.0,0.0,-0.0,0.0,0.6274352499316793,0.0,0.0,0.0,0.0,0.0,-0.0,-0.0,0.0,0.0,0.0,-0.0,0.0,0.0,0.0,0.0,-0.0
2020-03-18,0.0,0.0,0.0,0.0,0.0,0.0,0.0,0.0,0.0,0.0,0.0,0.0,0.0,0.0,0.0,0.0,0.0,0.0,0.0,0.0,0.0,0.0,0.0,0.0,0.0,0.0,0.0,0.0,0.0,0.0
2020-03-19,0.0,0.0,0.0,0.0,0.0,0.0,0.0,0.0,0.0,0.0,0.0,0.0,0.0,0.0,0.0,0.0,0.0,0.0,0.0,0.0,0.0,0.0,0.0,0.0,0.0,0.0,0.0,0.0,0.0,0.0
2020-03-20,-0.0,0.0,0.0,0.0,-0.0,0.0,-0.0,0.0,0.0,0.0,0.0,-0.0,-0.0,1.0,0.0,0.0,0.0,0.0,0.0,-0.0,-0.0,0.0,0.0,0.0,-0.0,0.0,0.0,0.0,0.0,-0.0
2020-03-23,0.0,0.0,0.0,0.0,-0.0,0.0,-0.17518879859810133,0.0,0.0,0.0,0.0,-0.0,0.0,0.0,0.0,0.0,0.0,0.0,0.0,-0.0,-0.0,0.0,0.0,0.0,-0.0,0.0,0.0,0.0,0.0,-0.8248112014018987
2020-03-24,0.0,0.0,0.0,0.0,-0.0,0.0,-0.051596233767531426,0.0,0.0,0.0,0.0,-0.0,0.0,0.0,0.0,0.0,0.0,0.0,0.0,-0.0,-0.0,0.0,0.0,0.0,-0.0,0.0,0.0,0.0,0.0,-0.9484037662324686
2020-03-25,0.0,0.0,0.0,0.0,0.0,0.0,0.0,0.0,0.0,0.0,0.0,0.0,0.0,0.0,0.0,0.0,0.0,0.0,0.0,0.0,0.0,0.0,0.0,0.0,0.0,0.0,0.0,0.0,0.0,0.0
2020-03-26,0.0,0.0,0.0,0.0,-0.0,-0.0,-0.0,0.0,0.0,0.0,0.0,-0.0,0.0,0.2136835267433127,0.0,-0.0,0.0,0.0,0.0,-0.0,-0.0,0.0,0.0,0.0,-0.0,0.0,0.0,0.0,0.0,-0.7863164732566873
2020-03-27,0.0,0.0,0.0,0.0,-0.0,-0.0,-0.0,0.0,0.0,0.0,0.0,-0.0,0.0,0.07128276214341132,0.0,-0.0,0.0,0.0,0.0,-0.0,-0.0,0.0,0.0,0.0,-0.0,0.0,0.0,0.0,0.0,-0.9287172378565887
2020-03-30,0.0,0.0,0.0,0.0,0.0,0.0,0.0,0.0,0.0,0.0,0.0,0.0,0.0,0.0,0.0,0.0,0.0,0.0,0.0,0.0,0.0,0.0,0.0,0.0,0.0,0.0,0.0,0.0,0.0,0.0
2020-03-31,0.0,0.0,0.0,0.044030125900556494,-0.0,0.0,-0.0,0.17540738228716157,0.0,0.0,0.0,-0.0,0.0,0.19112592382506818,0.17296697140102746,0.0,0.0,0.0,0.0,-0.0,-0.0,0.0,0.0,0.0,-0.0,0.0,0.0,0.0,0.0,-0.4164695965861863
2020-04-01,0.0,0.0,0.0,0.08419478371026785,-0.0,0.0,-0.12524074485907627,0.11931887259195914,0.0,0.0,0.0,-0.0,0.0,0.16517103209047418,0.17505506984702549,0.0,0.0,0.0,0.0,-0.0,-0.0,0.0,0.0,0.0,-0.0,0.0,0.0,0.0,0.0,-0.3310194969011971
2020-04-02,0.0,0.0,0.0,0.0,-0.0,0.0,-0.0,0.26831494589914734,0.0,0.0,0.0,-0.0,0.0,0.7028327529550665,0.0,-0.0,0.0,0.0,0.0,-0.0,-0.0,0.0,0.0,0.0,-0.0,0.0,0.0,0.0,0.0,-0.02885230114578614
2020-04-03,0.0,0.0,0.0,0.0,0.0,0.0,0.0,0.0,0.0,0.0,0.0,0.0,0.0,0.0,0.0,0.0,0.0,0.0,0.0,0.0,0.0,0.0,0.0,0.0,0.0,0.0,0.0,0.0,0.0,0.0
2020-04-07,0.0,0.0,0.0,0.0,0.0,-0.0,-0.0,0.15491372056011823,0.0,0.0,0.0,-0.0,0.0,0.4611147741073202,0.3839715053325615,-0.0,0.0,0.0,0.0,-0.0,-0.0,0.0,0.0,0.0,-0.0,0.0,0.0,0.0,0.0,-0.0
2020-04-08,0.0,0.0,0.0,0.0,0.0,0.0,0.0,0.0,0.0,0.0,0.0,0.0,0.0,0.0,0.0,0.0,0.0,0.0,0.0,0.0,0.0,0.0,0.0,0.0,0.0,0.0,0.0,0.0,0.0,0.0
2020-04-09,0.0,0.0,0.0,0.0,0.0,0.0,0.0,0.0,0.0,0.0,0.0,0.0,0.0,0.0,0.0,0.0,0.0,0.0,0.0,0.0,0.0,0.0,0.0,0.0,0.0,0.0,0.0,0.0,0.0,0.0
2020-04-10,0.0,0.0,0.0,0.0,0.0,-0.0,-0.0,0.0,0.0,0.0,0.0,-0.0,0.0,1.0,0.0,-0.0,0.0,0.0,0.0,-0.0,-0.0,0.0,0.0,0.0,-0.0,0.0,0.0,0.0,0.0,-0.0
2020-04-13,0.0,0.0,0.0,0.0,0.0,-0.0,-0.0,0.0,0.0,0.0,0.0,-0.0,0.0,1.0,0.0,-0.0,0.0,0.0,0.0,-0.0,-0.0,0.0,0.0,0.0,-0.0,0.0,0.0,0.0,0.0,-0.0
2020-04-14,0.0,0.0,0.0,0.0,0.0,0.0,-0.0,0.040338695095891434,0.0,0.0,0.0,-0.0,0.0,0.9596613049041086,0.0,-0.0,0.0,0.0,0.0,-0.0,-0.0,0.0,0.0,0.0,-0.0,0.0,0.0,0.0,0.0,-0.0
2020-04-15,0.0,0.0,0.0,0.0,0.0,0.0,-0.0,0.0,0.0,0.0,0.0,-0.0,0.0,1.0,0.0,-0.0,0.0,0.0,0.0,-0.0,-0.0,0.0,0.0,0.0,-0.0,0.0,0.0,0.0,0.0,-0.0
2020-04-16,0.0,0.0,0.0,0.0,-0.0,0.0,-0.0,0.057610741455226294,0.0,0.0,0.0,-0.0,0.0,0.9423892585447737,0.0,0.0,0.0,0.0,0.0,-0.0,-0.0,0.0,0.0,0.0,-0.0,0.0,0.0,0.0,0.0,-0.0
2020-04-17,0.0,0.0,0.0,0.0,-0.0,0.0,-0.0,0.0,0.0,0.0,0.0,-0.0,0.0,1.0,0.0,-0.0,0.0,0.0,0.0,-0.0,-0.0,0.0,0.0,0.0,-0.0,0.0,0.0,0.0,0.0,-0.0
2020-04-20,0.0,0.0,0.0,0.0,-0.0,0.0,-0.0,0.0,0.0,0.0,0.0,-0.0,0.0,1.0,0.0,0.0,0.0,0.0,0.0,-0.0,-0.0,0.0,0.0,0.0,-0.0,0.0,0.0,0.0,0.0,-0.0
2020-04-21,0.0,0.0,0.0,0.0,-0.0,0.0,-0.10508954064734868,0.0,0.0,0.0,0.0,-0.0,0.0,0.8180739499700008,0.0,0.0,0.0,0.0,0.025505805810505856,-0.025756078400256493,-0.025574625171888122,0.0,0.0,0.0,-0.0,0.0,0.0,0.0,0.0,-0.0
2020-04-22,0.05238730228043297,0.0,0.007112580650548751,0.0,-0.0,0.0,-0.14679747267623167,0.0,0.0,0.0,0.0,-0.0,0.0,0.38838364172386275,0.0,0.0,0.09396710982205873,0.0,0.09801006279521772,-0.0980809391631329,-0.09803860431481687,0.0,0.0,0.0,-0.017222286573697603,0.0,0.0,0.0,0.0,-0.0
2020-04-23,0.06536390342163773,0.010619295678138636,0.04743470555297454,0.0,-0.0,0.0,-0.10303377509706181,0.04260382779218129,0.03886594022407301,0.0,0.0,-0.0,0.0,0.28293634514849497,0.0,0.0,0.0706775743057401,0.0,0.09905452062724934,-0.09909284937602843,-0.09907247690590548,0.0,0.0,0.0,-0.041244785870514625,0.0,0.0,0.0,0.0,-0.0
2020-04-24,0.0740361007257071,0.02654252805599451,0.0617227137817476,0.0,-0.0,0.0,-0.08800083048939472,0.0,0.00976603075479439,0.0,0.0035961517643366583,-0.03205902558455825,0.0,0.25871930291439715,0.0,0.0,0.09485315192189758,0.0,0.07197883052026817,-0.07201133923049584,-0.0719940645849056,0.0,0.0,0.0,-0.06897715481836411,0.0,0.0,0.0,0.06574277485313831,-0.0
2020-04-27,0.13681740662001143,0.0,0.06306744989595903,0.0,-0.0,0.0,-0.04550148106417913,0.0,0.0,0.0,0.0,-0.0035387761852953424,0.0,0.23567746644988255,0.0,0.0,0.13711022083051355,0.0,0.07880386992544647,-0.0788530144778763,-0.07882688825930505,0.0,0.0,0.0,-0.03099883466424392,0.0,0.0,0.0,0.11080459162728729,-0.0
2020-04-28,0.10575020558258907,0.021018239701334047,0.06828030828568742,0.0,-0.0,0.0,-0.06477942170475232,0.0,0.0,0.0,0.018014047717585677,-0.03470679522559009,0.0,0.17838806721480913,0.0,0.0,0.10375694773989283,0.0,0.09414652486294273,-0.09417385396980268,-0.09415341514884037,0.0,0.0,0.0,-0.047284275866670604,0.0,0.0,0.0,0.07554789697950308,-0.0
2020-04-29,0.08484552664289378,0.005746960359764447,0.06541958588678139,0.0,-0.012663935242384647,0.00020310485270161148,-0.0966023777417905,0.010081617715205665,0.0,0.0,0.03698483704116113,-0.06796115606270466,0.0,0.06581482969979896,0.007488635923602127,0.0,0.08539727275092497,0.0,0.1018239308542322,-0.10184404859358602,-0.10183301734271016,0.0,0.0,0.0,-0.0437891725618369,0.0,0.0,0.0,0.06537311153878768,-0.046126879189133045
2020-04-30,0.06618454456237297,0.021032106249281018,0.05843614293762661,0.008371472244051353,-0.02097178154562533,0.020034443599469032,-0.08126703254669285,0.022975153544272015,0.014656764338768242,0.0,0.04194400646545129,-0.05979044634161367,0.0,0.06804518880998642,0.017307177277896074,0.0,0.07059955510232213,0.0077752357116374566,0.08369459365906733,-0.0837056612913306,-0.08369955295012182,0.0,0.0,0.0,-0.04724407628341925,0.0,0.015638553434390648,0.0,0.0559738999538413,-0.05065261115076239
2020-05-06,0.06370430059420779,0.030450705067109327,0.05773915731234357,0.0,-0.015066634070174225,0.01813740405196423,-0.0880127076781716,0.018019737486128208,0.02106636668128628,0.0,0.04255587946971253,-0.061947768654697935,0.0,0.07015914432894013,0.012736201429028078,0.0,0.07142945960587524,0.004451498948991766,0.0827166780308178,-0.08272991149306944,-0.08272374040350117,0.0,0.0,0.0,-0.053580092889944864,0.0,0.014259652892421211,0.0,0.053307179467565746,-0.05520577944404888
2020-05-07,0.05755103510074419,0.02707204107970664,0.05175164310797432,0.0018418676971084435,-0.0,0.0,-0.11120161507628598,0.028908924773241678,0.01029118189108665,0.0,0.028677165617789758,-0.06442232274954326,0.0,0.09721888260400324,0.0004663515316012509,0.0,0.07924695213804156,0.0,0.09638187847482534,-0.09640271322096718,-0.0963926625251792,0.0,0.0,0.0,-0.04550022110567164,0.0,0.0,0.0,0.04313155888909435,-0.06354098241713559
2020-05-08,0.0435554441534512,0.0,0.02261935600593757,0.0,-0.0,0.0,-0.12391444846479371,0.027639946891664754,0.0,0.0,0.0,-0.06204401468512971,0.0,0.1434253933948839,0.0,0.0,0.08403807231420175,0.0,0.12198505778496563,-0.12202452534767144,-0.12200719033997724,0.0,0.0,0.0,-0.044768733694852444,0.0,0.0,0.0,0.03160550920763376,-0.05037230771483692
2020-05-11,0.07092917177600365,0.028114373682916676,0.022850858240855015,0.0,-0.0,0.0,-0.11828651019614861,0.006876809591211756,0.0,0.0,0.01615431186032899,-0.07302472247335014,0.0,0.11322387194259462,0.0,0.0,0.055327083296075406,0.0,0.10929620527614965,-0.10932365214124315,-0.10931160970618128,0.0,0.0,0.0,-0.0750239552852171,0.0,0.0,0.0,0.0409054649653245,-0.0513513995663996
2020-05-12,0.05766633924501662,0.03194678153241617,0.04035311742700792,0.0,-0.0,0.02198460886919147,-0.11280598310395772,0.0,0.0021862506451104362,0.0,0.028665491121411018,-0.0837582852587827,0.0,0.10702439166799943,0.0,0.00011936147638514503,0.06549066356402908,0.0,0.08426562572210149,-0.0842850313838466,-0.08427838513331845,0.0,0.0,0.0,-0.08356929005588015,0.0,0.0,0.0,0.06312832726568175,-0.048472066527863865
2020-05-13,0.05557569745155451,0.032971350069589775,0.02355566281668223,0.0,-0.0,0.024961417191667862,-0.10819289839021663,0.0,0.0,0.0,0.02086259995149109,-0.09717498177946986,0.0,0.11339814241829402,0.0,0.001392728740433015,0.04757620877786822,0.0,0.09279658099247656,-0.09281593863429133,-0.0928081774532804,0.0,0.0,0.0,-0.09780869294966331,0.0,0.0,0.0,0.0679727539512783,-0.030136168431742938
2020-05-14,0.06616626224998833,0.034933158010847086,0.015594375114082858,0.0,-0.0,0.01909054829754445,-0.10143990216818129,0.015932510733421532,0.0,0.0,0.024421752419032855,-0.09010444946710372,0.0,0.11744877640219317,0.0,0.0,0.036063958969609046,0.0,0.09756874066875351,-0.09758795247731676,-0.09757937062421551,0.0,0.0,0.0,-0.09406529465735637,0.0,0.0,0.0,0.06261491239533173,-0.02938803534502189
2020-05-15,0.0700044844119254,0.029032525697284896,0.025122627398500783,0.0,-0.0,0.0,-0.11138488597331321,0.004002218224887589,0.026993773957070276,0.0,0.048824409202744036,-0.07920789081155782,0.0,0.11657584555264536,0.0,0.0,0.018575094561957606,0.0,0.10720543991513605,-0.10723082617987112,-0.10722058333761061,0.0,0.0,0.0,-0.08202056513335308,0.0,0.0,0.0,0.03868515834180532,-0.027913671300336864
2020-05-18,0.07216465118584164,0.019044954595553727,0.02337169027130675,0.0,-0.0,0.010084277155532406,-0.11711987800960484,0.0,0.0,0.0,0.03498889419457334,-0.0911269008175201,0.0,0.09840094297992216,0.0,0.0,0.03854677324453775,0.0,0.11159244782351113,-0.11160658798543303,-0.11160032359296683,0.0,0.0,0.0,-0.09721176576382323,0.0,0.0,0.0,0.06313991237987297,-0.0
2020-05-19,0.06403366891083395,0.03429880772328991,0.02990268315833254,0.0,-0.0,0.019924735541048615,-0.11076746758009876,0.0,0.008984359550954592,0.0,0.03961612957752164,-0.08454931915536834,0.0,0.09874303481947196,0.0,0.0,0.04808160806931297,0.0,0.10325333888618474,-0.10326123985975773,-0.10325845089581434,0.0,0.0,0.0,-0.09713981457458964,0.0,0.0,-0.0,0.05418534169742026,-0.0
2020-05-20,0.05689195820442736,0.052114468329411176,0.021749056623408227,0.0,-0.0,0.011279024546687003,-0.11021266703076815,0.0,0.018242810786021985,0.0,0.03681318456638312,-0.08176046425392118,0.0,0.11789043979876691,0.0,0.0,0.02897468399970151,0.0,0.10912226595977863,-0.10913142434587701,-0.10912879998916486,0.0,0.0,0.0,-0.1021073752562636,0.0,0.0,-0.0,0.03458137630941926,-0.0
2020-05-21,0.058594362117388984,0.06790429398294505,0.03522867451630322,0.0,-0.012223380625778775,0.020723237956860388,-0.08226719001992908,0.02951982702466886,0.04224953411950543,0.0,0.05095700961388494,-0.057346926179497534,0.0,0.10778529760316133,0.0,0.014913891718118336,0.025738479063594083,0.0,0.08873821139242816,-0.08874910611493703,-0.0887471448814228,0.0,0.016589625381060232,0.0,-0.07613746121035345,0.0,0.0,0.0,0.02787224592310803,-0.007714100555054447
2020-05-22,0.057716182988642846,0.07724739371866596,0.03426745153630592,0.0,-0.004584366882354415,0.013650952648800277,-0.07332180323160285,0.04671907684780737,0.055988708767860766,0.0,0.056677192889463136,-0.04807994320934893,0.0,0.12332143074269346,0.00818819794888085,0.013135152200801107,0.015016444552922266,0.0,0.083847619616294,-0.08385922262370993,-0.08385712882758832,0.0,0.03168635723194656,0.007642537308951821,-0.05727687065046539,0.0,0.0,0.0,0.010494310614894076,-0.013421654959999745
2020-05-25,0.11093140881739687,0.04017453689491384,0.04309508876943316,0.0,-0.0,0.0034912600189652646,-0.09469999593602478,0.0,0.0,0.0,0.08435083452370207,-0.03612430007971985,0.0,0.15598341694027867,0.0,0.0,0.008735003302523522,0.0,0.12757327987125125,-0.12760427119347376,-0.12759787018635205,0.0,0.0,0.0,-0.028207189508469257,0.0,0.0,0.0,0.011431543957495707,-0.0
2020-05-26,0.08038895421377196,0.05937288829103487,0.0,0.0,-0.0,0.0,-0.08419105339619563,0.0,0.0,0.0,0.047201477994502423,-0.0,0.0,0.22604484531532384,0.0,0.0,0.0,0.0,0.16757261884888594,-0.16761886047654578,-0.16760930146373962,0.0,0.0,0.0,-0.0,0.0,0.0,-0.0,0.0,-0.0
2020-05-27,0.05021088809802786,0.059417684320287815,0.0,0.0,-0.0,0.020666887450758915,-0.08469155537365045,0.0,0.0,0.0,0.01798787856450269,-0.07228998140963894,0.0,0.2703983966298587,0.0,0.002963337546587991,0.0,0.0,0.11751247222761742,-0.11754131048518345,-0.1175392766241293,0.0,0.0,0.0,-0.0470811479718462,0.0,0.0,-0.0,0.02169918329791018,-0.0
2020-05-28,0.053308166100587154,0.07426141726250798,0.019494218136440564,0.0,-0.0,0.03629456701798795,-0.09467909647936802,0.0,0.009029231358370853,0.0,0.04606109518126101,-0.07464608144078876,0.0,0.197631846927189,0.0,0.018178938659565325,0.010849463769113648,0.0,0.08989443178873986,-0.08991909862288576,-0.08991351146616927,0.0,0.0,0.0,-0.05925179802085028,0.0,0.0,-0.0,0.0365870377681747,-0.0
2020-05-29,0.07274692397528057,0.0343347632265624,0.03291642483728989,0.0,-0.0,0.02233749110591216,-0.1179041414927729,0.0,0.0,0.0,0.045570829568505264,-0.07054723604701897,0.0,0.12704422586724826,0.0,0.0,0.030523127997874776,0.0,0.11970909502093184,-0.11973819154488646,-0.119730832085116,0.0,0.0,0.0,-0.060648957533415024,0.0,0.0,0.0,0.02624775969718548,-0.0
2020-06-01,0.06541894978390497,0.053000183670869803,0.045634724159890915,0.0,-0.0,0.0430143024820421,-0.0859441822332197,0.006354614576030049,0.020520276165419096,0.0,0.054130936533825724,-0.06257187090351932,0.0,0.10376781599134796,0.0,0.03572949166463984,0.04034546579538972,0.0,0.0894268152213203,-0.08944138987495914,-0.08943771126689566,0.0,0.0,0.0,-0.06616498328862519,0.0,0.0,0.0,0.03809847436885939,-0.01099781201924113
2020-06-02,0.07564434636674452,0.0492266347891493,0.04148267319172815,0.0,-0.0,0.039598723880584295,-0.08806332770288144,0.0,0.0044205235824543,0.0,0.04800119498237998,-0.0627757395589297,0.0,0.1131476675749328,0.0,0.025391485195268862,0.03579762748505246,0.0,0.10123125280048155,-0.10124980432375225,-0.10124513503351075,0.0,0.0,0.0,-0.07134018592228088,0.0,0.0,0.0,0.041383677609868774,-0.0
2020-06-03,0.06972335259104015,0.024374672710621083,0.0,0.0,-0.0,0.016802933597038505,-0.10200241010806663,0.0,0.0,-0.0,0.013396825510006328,-0.08863613505997549,0.0,0.14758994449181914,0.0,0.0,0.0,0.0,0.1327333559554331,-0.13276969458849025,-0.13275463829625855,-0.0,0.0,0.0,-0.10278023654988877,0.0,0.0,-0.0,0.036435800541362126,-0.0
2020-06-04,0.06287097231328098,0.0033757174011482065,0.024167671375915883,0.0,-0.0,0.033934740647573694,-0.11429940082110303,0.0,0.0,-0.0,0.017198758805861906,-0.10109596948533171,-0.0,0.07254846149756897,0.0,0.0020123668721527214,0.05410791471787842,0.0,0.11518403520311245,-0.11520493389168111,-0.11519632504157802,-0.0,0.0,-0.0,-0.10538235804381123,0.0,0.0,-0.0,0.06342037388200164,-0.0
2020-06-05,0.0993387249315212,0.0,0.0,0.0,-0.0,0.0,-0.13153537107454866,0.0,0.0,-0.0,0.0,-0.10553138264863457,0.0,0.18424582649449978,0.0,0.0,0.0,0.0,0.12419548658332907,-0.12424248959438491,-0.12422437857814402,0.0,0.0,0.0,-0.10668634009493783,0.0,0.0,-0.0,0.0,-0.0
2020-06-08,0.14001934063960947,0.0,0.014305534905841808,0.0,-0.0,0.0,-0.11488840432853245,0.0,0.0,-0.0,0.016567345199448483,-0.07781584621908086,-0.0,0.06399714107919059,0.0,0.0,0.02138897453091034,0.0,0.1490202221850131,-0.14905544862082232,-0.14904640050090132,-0.0,0.0,0.0,-0.0709438441087592,0.0,0.0,-0.0,0.03295149768189,-0.0
2020-06-09,0.13026714559888267,0.0,0.049307376986288995,-0.0,-0.0,0.037965176307274556,-0.10374547774421489,0.0,0.0,-0.0,0.03305982746501354,-0.0795268373817959,-0.0,0.008717481356521511,0.0,0.0,0.06495830359081638,0.0,0.12783368108031778,-0.12785750627356587,-0.1278513864968717,-0.0,-0.0,-0.0,-0.04369730683226554,0.0,0.0,-0.0,0.06521249288617077,-0.0
2020-06-10,0.10979443707897825,0.0,0.060170857727613776,0.0,-0.0,0.055360127643684025,-0.09296003248247096,0.0,0.0,0.0,0.04486244912928088,-0.0786849145804686,0.0,0.015399874716457656,0.0,0.022699061030006712,0.071025681194445,0.0,0.11279276607764148,-0.11280858191589999,-0.11280451861511982,-0.0,0.0,0.0,-0.040685547022366604,0.0,0.0,0.0,0.06995115078556631,-0.0
2020-06-11,0.15753326522059727,0.0,0.08509596286745695,-0.0,-0.0,0.06199622984117781,-0.08916973527065479,0.0,0.0,0.0,0.05235045356518505,-0.055092751859301875,-0.0,0.0,0.0,0.007906664326687055,0.09901171386832144,0.0,0.09805400842129708,-0.09807200567037992,-0.09806738861265962,-0.0,-0.0,-0.0,-0.01159035012083125,0.0,0.0,0.0,0.08605947035545003,-0.0
2020-06-12,0.15370967880154762,0.0,0.07915210710460507,0.0,-0.0,0.05913026484366752,-0.08528912064205056,0.0,0.0,0.0,0.0672822881839329,-0.04548271787441977,0.0,0.0,0.0,0.022506937249972155,0.0727583393006009,0.0,0.10269522096225316,-0.1027122283400513,-0.10270786780723429,-0.0,0.0,0.0,-0.03094166781434123,0.0,0.0,0.0,0.07563156107532336,-0.0
2020-06-15,0.14647600741981837,0.0,0.08168099364345247,0.0,-0.0,0.07731908142641632,-0.0677047177104574,0.0,0.0,0.0,0.06542863559163932,-0.041272855334573616,-0.0,0.0,0.0,0.04357261314899006,0.08201367402612017,0.0,0.0855708412655337,-0.08558956866007801,-0.08559137344019252,-0.0,-0.0,-0.0,-0.04548795155318766,0.0,0.0,0.0,0.0922916867795403,-0.0
2020-06-16,0.11323190254565196,0.0,0.06241279281425561,0.0,-0.0,0.055570884386324015,-0.08682260420115576,0.0,0.0,0.0,0.06401153092920554,-0.058294044688499885,0.0,0.02767337358668251,0.0,0.06155320700298312,0.05432512967478364,0.0,0.09311142425228704,-0.09312675322519647,-0.09312833847190585,0.0,0.0,0.0,-0.05866545208573596,0.0,0.0,0.0,0.0649274583802091,-0.013145103755123635
2020-06-17,0.11488444366352722,0.0,0.07005552684186481,0.0,-0.0,0.056030669502881054,-0.08802859284801175,0.0,0.0,0.0,0.05917095245168127,-0.05658587836647816,0.0,0.0325587202651043,0.0,0.05213010943523143,0.06275683971958149,0.0,0.08788786195138747,-0.08790632655639599,-0.08790782331114727,0.0,0.0,0.0,-0.05832732008247906,0.0,0.0,0.0,0.06762847169716767,-0.018140463307060976
2020-06-18,0.1379716665401602,0.0,0.09394220086548748,0.0,-0.009823072109672615,0.06547002057673043,-0.07165767642191698,0.0,0.0,0.0,0.05201438172664337,-0.04337901749900332,0.0,0.0,0.0,0.0415882415150709,0.09511713180107212,0.0017425269591037054,0.0772293027206425,-0.07724468711637839,-0.07724603838440781,-0.0,-0.0,-0.0,-0.05538604224572592,0.0,0.017478749922464062,0.0,0.0770905867266507,-0.005618656868869579
2020-06-19,0.1491975057809421,0.0,0.08859719903151884,0.0,-0.0,0.06752915753749754,-0.07209343919342011,0.0,0.0,0.0,0.04801918970836388,-0.03984642664908303,0.0,0.006408366182095227,0.0,0.0456431490971091,0.08552566852320224,0.0,0.08479942877892517,-0.08481898214275078,-0.0848206992310308,-0.0,-0.0,-0.0,-0.06739169575920874,0.0,0.0,0.0,0.07530909238485231,-0.0
2020-06-22,0.2477311817197234,0.0,0.030975662858298045,-0.0,-0.0,0.0265225800045871,-0.07752993917125055,-0.0,0.0,-0.0,0.0,-0.04376040708132951,-0.0,0.0,-0.0,0.0,0.012969832560384054,0.0,0.13296427898200044,-0.13301944957151934,-0.13302429648438882,-0.0,-0.0,-0.0,-0.12096560860156756,0.0,0.0,-0.0,0.04053676296495121,-0.0
2020-06-23,0.1656871778445471,0.0,0.07111229917962225,-0.0,-0.0,0.05625631469178506,-0.08438113326739752,-0.0,0.0,0.0,0.030732382296015423,-0.05882186972612508,-0.0,0.0,0.0,0.02783740312723125,0.05943144798365821,0.0,0.10029880572899395,-0.10032690738795852,-0.10032868382137387,-0.0,-0.0,-0.0,-0.08129182748720862,0.0,0.0,0.0,0.06349374745808313,-0.0
2020-06-24,0.16178906219424252,0.0,0.06468212817092338,-0.0,-0.0,0.06319937770580734,-0.07607574705484378,-0.0,0.0,0.0,0.029654883851905477,-0.0705431355026341,-0.0,0.0,0.0,0.030839458493540257,0.05112777729553124,0.0,0.1038525479237379,-0.10387966503706209,-0.10388384650716959,-0.0,-0.0,-0.0,-0.0704879357096174,0.0,0.0,0.0,0.069984434552985,-0.0
2020-06-29,0.16703279046064895,-0.0,0.04081759291391084,-0.0,-0.0,0.050888150112451805,-0.08022531005246594,-0.0,-0.0,0.0,0.0,-0.09399696748543869,-0.0,0.0,-0.0,0.0,0.05792438100092863,0.0,0.10686675564933788,-0.10690382557902664,-0.10690953715123491,-0.0,-0.0,-0.0,-0.07830290226363928,0.0,0.0,0.0,0.11013178733091639,-0.0
2020-06-30,0.16026230807048822,0.0,0.057805591486010964,-0.0,-0.0,0.05101200336253173,-0.07915880608366802,-0.0,0.0,0.0,1.940648123457079e-05,-0.07718170432756552,-0.0,0.0,0.0,0.00499087858035555,0.06570901365761675,0.0,0.11161155779373713,-0.11164222914808385,-0.11164676747870413,-0.0,-0.0,-0.0,-0.07592180667873019,0.0,0.0,0.0,0.09303792685127323,-0.0
2020-07-01,0.17131991733620924,0.0,0.04730721526027003,-0.0,-0.0014529027601908409,0.04773675430666112,-0.07101597316342417,-0.0,0.0,-0.0,0.0,-0.07559098862003098,-0.0,0.0,0.0,0.0,0.05480825956111397,0.0,0.1199747646741989,-0.12000659018199347,-0.12001129545565961,-0.0,-0.0,-0.0,-0.08226216851047155,0.0,0.0,0.0,0.08851317016977613,-0.0
2020-07-02,0.22140247818054215,0.0,0.0075271484516892554,-0.0,-0.0,0.026178494097624253,-0.040207344684061126,-0.0,0.0,-0.0,0.0,-0.07034511970210891,-0.0,0.0,-0.0,0.0,0.022218726811466964,0.0,0.14925158541372974,-0.14930260480816226,-0.1493096926629724,-0.0,-0.0,-0.0,-0.0815383840494329,0.0,0.0,-0.0,0.08271842113821012,-0.0
2020-07-03,0.31870577633523944,-0.0,0.0,-0.0,-0.0,0.0,-0.0,-0.0,0.0,-0.0,0.0,-0.0,-0.0,-0.0,0.0,0.0,0.0,0.0,0.22705284664743056,-0.22711510898319015,-0.22712626803413993,-0.0,-0.0,-0.0,-0.0,0.0,0.0,-0.0,0.0,-0.0
2020-07-06,0.23865390550222584,0.0,0.03951833405012133,-0.0,-0.0,0.02025180128229482,-0.03288827214142025,-0.0,0.0,-0.0,0.001845867762735561,-0.04720669232049841,-0.0,0.0,0.0,0.004671871097815669,0.007212866859709236,0.0,0.18032631735001578,-0.18035367784219353,-0.18036845502099275,-0.0,-0.0,-0.0,-0.03517096405519008,0.0,0.0,-0.0,0.03153097471478667,-0.0
2020-07-07,0.2712153815878429,0.0,0.0,-0.0,-0.0,0.0,-0.0,-0.0,-0.0,-0.0,0.0,-0.037426121711438,-0.0,0.0,-0.0,0.0,0.0,-0.0,0.23041019874656377,-0.2304607519469469,-0.2304875460072083,-0.0,-0.0,-0.0,-0.0,0.0,0.0,-0.0,0.0,-0.0
2020-07-08,0.3097711645033258,0.0,0.0,-0.0,-0.0,0.0,-0.0,-0.0,0.0,-0.0,0.0,-0.03135921287177189,-0.0,0.0,-0.0,0.0,0.0,0.0,0.21958639417411757,-0.21962579678632912,-0.2196574316644556,-0.0,-0.0,-0.0,-0.0,0.0,0.0,-0.0,0.0,-0.0
2020-07-09,0.298139760228064,0.0,0.0,-0.0,-0.0,0.0,-0.0,-0.0,0.0,-0.0,0.0,-0.01753747826254992,-0.0,0.0,-0.0,0.0,0.0,0.0,0.2280695798159302,-0.22810578656510455,-0.22814739512835122,-0.0,-0.0,-0.0,-0.0,0.0,0.0,0.0,0.0,-0.0
2020-07-10,0.2921842496365824,0.0,0.011001954258000804,-0.0,-0.022555827286078044,0.0,-0.0,-0.0,0.0,0.0,0.0,-0.0,-0.0,0.0,-0.0,0.0,0.0,0.0,0.22471884174534587,-0.2247510533854897,-0.2247880736885032,-0.0,-0.0,-0.0,-0.0,0.0,0.0,0.0,0.0,-0.0
2020-07-13,0.30359224743230184,0.0,0.0,-0.0,-0.0,0.0,-0.0,-0.0,0.0,-0.0,0.0,-0.0,-0.0,0.0,-0.0,0.0,0.0,0.0,0.23209362691873467,-0.23213545348956535,-0.23217867215939816,-0.0,-0.0,-0.0,-0.0,0.0,0.0,0.0,0.0,-0.0
2020-07-14,0.3185503796366285,0.0,0.0018876225423215213,-0.0,-0.0,0.0,-0.0,-0.0,0.0,0.0,0.030440561909693957,-0.0,-0.0,0.0,-0.0,0.0,0.0,0.0,0.21632614145017479,-0.21637328138361103,-0.21642201307757009,-0.0,-0.0,-0.0,-0.0,0.0,0.0,0.0,0.0,-0.0
2020-07-15,0.23810370035838463,0.0,0.07124077646356498,0.0,-0.03376387969906475,0.0,-0.0,0.0,0.0,0.0,0.09023061431327062,-0.0,0.0,0.0,0.0,0.010692655194576678,0.0,0.0,0.1852961380539077,-0.18532182055510052,-0.18535041536213015,-0.0,-0.0,0.0,-0.0,0.0,0.0,0.0,0.0,-0.0
2020-07-16,0.3209231647976808,0.0,0.0,-0.0,-0.0,0.0,-0.0,-0.0,0.0,0.0,0.03496347091035515,-0.0,0.0,0.0,0.0,0.0,0.0,0.0,0.2146476025188442,-0.21469726128727237,-0.2147685004858475,-0.0,-0.0,0.0,-0.0,0.0,0.0,0.0,0.0,-0.0
2020-07-17,0.24089965773458932,0.0,0.062118471462278,0.0,-0.013603027451515684,0.0,-0.0,0.0,0.0,0.0,0.11334715496510614,-0.0,0.0,0.0,0.0,0.0,0.0,0.0,0.18998571245398657,-0.19000419464877363,-0.19004178128375065,-0.0,-0.0,0.0,-0.0,0.0,0.0,0.0,0.0,-0.0
2020-07-20,0.30085764757803235,0.0,0.0,0.0,-0.0,0.0,-0.0,0.0,0.0,0.0,0.0978578368325419,-0.0,0.0,0.0,0.0,0.0,0.0,0.0,0.20038089559316,-0.20041609235483154,-0.20048752764143413,-0.0,-0.0,0.0,-0.0,0.0,0.0,0.0,0.0,-0.0
2020-07-21,0.2574355906886639,0.0,0.027220103871206536,0.0,-0.02644258242832661,0.0,-0.0,0.0,0.0,0.0,0.13395513802566283,-0.0,0.0,0.0,0.0,0.0,0.0,0.0,0.18494614400937845,-0.18497532751539258,-0.18502511346136924,-0.0,-0.0,0.0,-0.0,0.0,0.0,0.0,0.0,-0.0
2020-07-22,0.3978509497104059,0.0,0.0,-0.0,-0.0,0.0,-0.0,-0.0,0.0,0.0,0.05499545842961408,-0.0,0.0,0.0,0.0,0.0,0.0,0.0,0.1823109652950129,-0.18237326719273236,-0.18246935937223474,-0.0,-0.0,0.0,-0.0,0.0,0.0,0.0,0.0,-0.0
2020-07-23,0.31519607733217675,0.0,0.0,0.0,-0.0603049965238958,0.0,-0.0,0.0,0.0,0.0,0.2235489430302887,-0.0,0.0,0.0,0.0,0.0,0.0,0.0,0.1336020749867517,-0.1336273513694115,-0.1337205567574756,0.0,-0.0,0.0,-0.0,0.0,0.0,0.0,0.0,-0.0
2020-07-24,0.7327418739729558,0.0,0.0,0.0,-0.0,0.0,-0.0,0.0,0.0,0.0,0.2672581260270443,-0.0,0.0,0.0,0.0,0.0,0.0,0.0,0.0,-0.0,-0.0,0.0,-0.0,0.0,-0.0,0.0,0.0,0.0,0.0,-0.0
2020-07-27,0.3116587564455875,0.0,0.0,0.0,-0.0,0.0,-0.0,0.0,0.0,0.0,0.231921180579466,-0.0,0.0,0.0,0.0,0.0,0.0,0.0,0.15209353852964744,-0.1521182002186333,-0.15220832422666578,0.0,-0.0,0.0,-0.0,0.0,0.0,0.0,0.0,-0.0
2020-07-28,0.33096250143040296,0.0,0.06222668682526081,0.0,-0.10527585965547363,0.0,-0.0,0.0,0.0,0.0,0.23133680109707033,-0.0,0.0,-0.0,0.0,0.0,0.0,0.0,0.09002729743076403,-0.09004529845477009,-0.09012555510625807,0.0,-0.0,0.0,-0.0,0.0,0.0,0.0,0.0,-0.0
2020-07-29,1.0,0.0,0.0,-0.0,-0.0,0.0,-0.0,-0.0,0.0,0.0,0.0,-0.0,0.0,0.0,0.0,0.0,0.0,0.0,0.0,-0.0,-0.0,-0.0,-0.0,0.0,-0.0,0.0,0.0,0.0,0.0,0.0
2020-07-30,0.0,0.0,0.0,0.0,0.0,0.0,0.0,0.0,0.0,0.0,0.0,0.0,0.0,0.0,0.0,0.0,0.0,0.0,0.0,0.0,0.0,0.0,0.0,0.0,0.0,0.0,0.0,0.0,0.0,0.0
2020-07-31,0.0,0.0,0.0,0.0,0.0,0.0,0.0,0.0,0.0,0.0,0.0,0.0,0.0,0.0,0.0,0.0,0.0,0.0,0.0,0.0,0.0,0.0,0.0,0.0,0.0,0.0,0.0,0.0,0.0,0.0
